2026-07-24T20:15:47.495927Z  INFO herdr::platform::macos: raised server file descriptor soft limit previous=256 target=8192
2026-07-24T20:15:47.496202Z  INFO herdr::api::server: api server listening path=/Users/zamp/.config/herdr/herdr.sock
2026-07-24T20:15:47.496722Z  INFO herdr::app: using pane scrollback configuration pane_scrollback_limit_bytes=10000000
2026-07-24T20:15:47.510661Z  INFO herdr::logging: checking for updates event="update.check.start" subsystem="update" outcome="started"
2026-07-24T20:15:47.515100Z  INFO herdr::logging: spawning pane terminal event="pane.spawn.start" subsystem="pane" outcome="started" pane_id=1 rows=24 cols=80 scrollback_limit_bytes=10000000
2026-07-24T20:15:47.517632Z  INFO herdr::logging: pane child spawned event="pane.spawned" subsystem="pane" outcome="ok" pane_id=1 pid=8794
2026-07-24T20:15:47.517974Z  INFO herdr::logging: workspace created event="workspace.create" subsystem="workspace" outcome="ok" workspace_id="w1" pane_id=1
2026-07-24T20:15:47.517985Z  INFO herdr::logging: workspace focused event="workspace.focus" subsystem="workspace" outcome="ok" workspace_id="w1"
2026-07-24T20:15:47.518010Z  INFO herdr::logging: tab focused event="tab.focus" subsystem="tab" outcome="ok" workspace_id="w1" tab_id="w1:t1"
2026-07-24T20:15:47.518044Z  INFO herdr::server::headless: created startup workspace cwd=/Users/zamp
2026-07-24T20:15:47.518254Z  INFO herdr::server::headless: client protocol socket listening path=/Users/zamp/.config/herdr/herdr-client.sock
2026-07-24T20:15:47.518289Z  INFO herdr::server::headless: herdr server started api_socket=/Users/zamp/.config/herdr/herdr.sock client_socket=/Users/zamp/.config/herdr/herdr-client.sock
2026-07-24T20:15:47.518602Z  INFO herdr::logging: herdr starting event="app.startup" subsystem="server" outcome="started" pid=8769
2026-07-24T20:15:47.774119Z  INFO herdr::server::headless: client connected client_id=2 cols=216 rows=61 cell_width_px=0 cell_height_px=0 render_encoding=SemanticFrame
2026-07-24T20:15:52.523465Z  INFO herdr::logging: session saved event="persist.save" subsystem="persist" outcome="ok" path=/Users/zamp/.config/herdr/session.json workspaces=1
2026-07-24T20:16:19.387859Z  INFO herdr::pane: agent changed pane=1 previous_agent=None agent=Some(Codex) process=codex pgid=Some(9125)
2026-07-24T20:16:24.558399Z  INFO herdr::pane: agent changed pane=1 previous_agent=Some(Codex) agent=None pgid=Some(8794)
2026-07-24T20:16:53.702239Z  INFO herdr::logging: spawning pane terminal event="pane.spawn.start" subsystem="pane" outcome="started" pane_id=2 rows=60 cols=190 scrollback_limit_bytes=10000000
2026-07-24T20:16:53.707432Z  INFO herdr::logging: pane child spawned event="pane.spawned" subsystem="pane" outcome="ok" pane_id=2 pid=9204
2026-07-24T20:16:53.707741Z  INFO herdr::logging: tab focused event="tab.focus" subsystem="tab" outcome="ok" workspace_id="w1" tab_id="w1:t1"
2026-07-24T20:16:58.718080Z  INFO herdr::logging: session saved event="persist.save" subsystem="persist" outcome="ok" path=/Users/zamp/.config/herdr/session.json workspaces=1
2026-07-24T20:17:00.098164Z  INFO herdr::logging: pane child exited event="pane.exit" subsystem="pane" outcome="completed" pane_id=2 status="ExitStatus { code: 0, signal: None }"
2026-07-24T20:17:00.098404Z  INFO herdr::pane: pane session terminated pane=2 pid=9204 signal=Hangup
2026-07-24T20:17:05.103386Z  INFO herdr::logging: session saved event="persist.save" subsystem="persist" outcome="ok" path=/Users/zamp/.config/herdr/session.json workspaces=1
2026-07-24T20:19:32.845531Z  INFO herdr::logging: spawning pane terminal event="pane.spawn.start" subsystem="pane" outcome="started" pane_id=3 rows=60 cols=190 scrollback_limit_bytes=10000000
2026-07-24T20:19:32.853251Z  INFO herdr::logging: pane child spawned event="pane.spawned" subsystem="pane" outcome="ok" pane_id=3 pid=9357
2026-07-24T20:19:32.853741Z  INFO herdr::logging: workspace created event="workspace.create" subsystem="workspace" outcome="ok" workspace_id="w2" pane_id=3
2026-07-24T20:19:32.853805Z  INFO herdr::logging: workspace focused event="workspace.focus" subsystem="workspace" outcome="ok" workspace_id="w2"
2026-07-24T20:19:32.853986Z  INFO herdr::logging: tab focused event="tab.focus" subsystem="tab" outcome="ok" workspace_id="w2" tab_id="w2:t1"
2026-07-24T20:19:35.669009Z  INFO herdr::logging: workspace focused event="workspace.focus" subsystem="workspace" outcome="ok" workspace_id="w1"
2026-07-24T20:19:35.669587Z  INFO herdr::logging: tab focused event="tab.focus" subsystem="tab" outcome="ok" workspace_id="w1" tab_id="w1:t1"
2026-07-24T20:19:36.322288Z  INFO herdr::logging: workspace focused event="workspace.focus" subsystem="workspace" outcome="ok" workspace_id="w2"
2026-07-24T20:19:36.322643Z  INFO herdr::logging: tab focused event="tab.focus" subsystem="tab" outcome="ok" workspace_id="w2" tab_id="w2:t1"
2026-07-24T20:19:36.894143Z  INFO herdr::logging: workspace focused event="workspace.focus" subsystem="workspace" outcome="ok" workspace_id="w1"
2026-07-24T20:19:36.894634Z  INFO herdr::logging: tab focused event="tab.focus" subsystem="tab" outcome="ok" workspace_id="w1" tab_id="w1:t1"
2026-07-24T20:19:40.710704Z  INFO herdr::logging: workspace focused event="workspace.focus" subsystem="workspace" outcome="ok" workspace_id="w2"
2026-07-24T20:19:40.711158Z  INFO herdr::logging: tab focused event="tab.focus" subsystem="tab" outcome="ok" workspace_id="w2" tab_id="w2:t1"
2026-07-24T20:19:40.885895Z  INFO herdr::logging: workspace focused event="workspace.focus" subsystem="workspace" outcome="ok" workspace_id="w2"
2026-07-24T20:19:40.886509Z  INFO herdr::logging: tab focused event="tab.focus" subsystem="tab" outcome="ok" workspace_id="w2" tab_id="w2:t1"
2026-07-24T20:19:41.652479Z  INFO herdr::logging: workspace focused event="workspace.focus" subsystem="workspace" outcome="ok" workspace_id="w2"
2026-07-24T20:19:41.652930Z  INFO herdr::logging: tab focused event="tab.focus" subsystem="tab" outcome="ok" workspace_id="w2" tab_id="w2:t1"
2026-07-24T20:19:44.824051Z  INFO herdr::logging: workspace closed event="workspace.close" subsystem="workspace" outcome="ok" workspace_id="w2"
2026-07-24T20:19:44.825788Z  INFO herdr::logging: pane child exited event="pane.exit" subsystem="pane" outcome="completed" pane_id=3 status="ExitStatus { code: 1, signal: None }"
2026-07-24T20:19:44.846478Z  INFO herdr::pane: pane session terminated pane=3 pid=9357 signal=Hangup
2026-07-24T20:19:44.846780Z  WARN herdr::app::actions: PaneDied for unknown pane pane=3
2026-07-24T20:19:49.853275Z  INFO herdr::logging: session saved event="persist.save" subsystem="persist" outcome="ok" path=/Users/zamp/.config/herdr/session.json workspaces=1
2026-07-24T20:23:03.120646Z  INFO herdr::logging: api request received event="api.request.start" subsystem="api" outcome="started" request_id="cli:server:reload-config" method="server.reload_config" changes_ui=true
2026-07-24T20:23:03.121645Z  INFO herdr::logging: api request completed event="api.request.complete" subsystem="api" outcome="ok" request_id="cli:server:reload-config" method="server.reload_config"
2026-07-24T20:27:56.051742Z  INFO herdr::logging: spawning pane terminal event="pane.spawn.start" subsystem="pane" outcome="started" pane_id=4 rows=61 cols=188 scrollback_limit_bytes=10000000
2026-07-24T20:27:56.059988Z  INFO herdr::logging: pane child spawned event="pane.spawned" subsystem="pane" outcome="ok" pane_id=4 pid=10184
2026-07-24T20:27:56.060708Z  INFO herdr::logging: tab focused event="tab.focus" subsystem="tab" outcome="ok" workspace_id="w1" tab_id="w1:t1"
2026-07-24T20:28:01.068501Z  INFO herdr::logging: session saved event="persist.save" subsystem="persist" outcome="ok" path=/Users/zamp/.config/herdr/session.json workspaces=1
2026-07-24T20:28:03.484689Z  INFO herdr::logging: api request received event="api.request.start" subsystem="api" outcome="started" request_id="cli:pane:focus" method="pane.focus_direction" changes_ui=true
2026-07-24T20:28:03.484817Z  INFO herdr::logging: tab focused event="tab.focus" subsystem="tab" outcome="ok" workspace_id="w1" tab_id="w1:t1"
2026-07-24T20:28:03.484853Z  INFO herdr::logging: tab focused event="tab.focus" subsystem="tab" outcome="ok" workspace_id="w1" tab_id="w1:t1"
2026-07-24T20:28:03.484898Z  INFO herdr::logging: api request completed event="api.request.complete" subsystem="api" outcome="ok" request_id="cli:pane:focus" method="pane.focus_direction"
2026-07-24T20:28:03.854267Z  INFO herdr::logging: api request received event="api.request.start" subsystem="api" outcome="started" request_id="cli:pane:focus" method="pane.focus_direction" changes_ui=true
2026-07-24T20:28:03.854376Z  INFO herdr::logging: tab focused event="tab.focus" subsystem="tab" outcome="ok" workspace_id="w1" tab_id="w1:t1"
2026-07-24T20:28:03.854411Z  INFO herdr::logging: tab focused event="tab.focus" subsystem="tab" outcome="ok" workspace_id="w1" tab_id="w1:t1"
2026-07-24T20:28:03.854440Z  INFO herdr::logging: api request completed event="api.request.complete" subsystem="api" outcome="ok" request_id="cli:pane:focus" method="pane.focus_direction"
2026-07-24T20:28:03.988757Z  INFO herdr::logging: api request received event="api.request.start" subsystem="api" outcome="started" request_id="cli:pane:focus" method="pane.focus_direction" changes_ui=true
2026-07-24T20:28:03.988858Z  INFO herdr::logging: tab focused event="tab.focus" subsystem="tab" outcome="ok" workspace_id="w1" tab_id="w1:t1"
2026-07-24T20:28:03.988891Z  INFO herdr::logging: tab focused event="tab.focus" subsystem="tab" outcome="ok" workspace_id="w1" tab_id="w1:t1"
2026-07-24T20:28:03.988918Z  INFO herdr::logging: api request completed event="api.request.complete" subsystem="api" outcome="ok" request_id="cli:pane:focus" method="pane.focus_direction"
2026-07-24T20:28:04.140185Z  INFO herdr::logging: api request received event="api.request.start" subsystem="api" outcome="started" request_id="cli:pane:focus" method="pane.focus_direction" changes_ui=true
2026-07-24T20:28:04.140300Z  INFO herdr::logging: tab focused event="tab.focus" subsystem="tab" outcome="ok" workspace_id="w1" tab_id="w1:t1"
2026-07-24T20:28:04.140337Z  INFO herdr::logging: tab focused event="tab.focus" subsystem="tab" outcome="ok" workspace_id="w1" tab_id="w1:t1"
2026-07-24T20:28:04.140365Z  INFO herdr::logging: api request completed event="api.request.complete" subsystem="api" outcome="ok" request_id="cli:pane:focus" method="pane.focus_direction"
2026-07-24T20:28:04.219212Z  INFO herdr::logging: api request received event="api.request.start" subsystem="api" outcome="started" request_id="cli:pane:focus" method="pane.focus_direction" changes_ui=true
2026-07-24T20:28:04.219322Z  INFO herdr::logging: tab focused event="tab.focus" subsystem="tab" outcome="ok" workspace_id="w1" tab_id="w1:t1"
2026-07-24T20:28:04.219353Z  INFO herdr::logging: tab focused event="tab.focus" subsystem="tab" outcome="ok" workspace_id="w1" tab_id="w1:t1"
2026-07-24T20:28:04.219384Z  INFO herdr::logging: api request completed event="api.request.complete" subsystem="api" outcome="ok" request_id="cli:pane:focus" method="pane.focus_direction"
2026-07-24T20:28:04.349179Z  INFO herdr::logging: api request received event="api.request.start" subsystem="api" outcome="started" request_id="cli:pane:focus" method="pane.focus_direction" changes_ui=true
2026-07-24T20:28:04.349296Z  INFO herdr::logging: tab focused event="tab.focus" subsystem="tab" outcome="ok" workspace_id="w1" tab_id="w1:t1"
2026-07-24T20:28:04.349332Z  INFO herdr::logging: tab focused event="tab.focus" subsystem="tab" outcome="ok" workspace_id="w1" tab_id="w1:t1"
2026-07-24T20:28:04.349361Z  INFO herdr::logging: api request completed event="api.request.complete" subsystem="api" outcome="ok" request_id="cli:pane:focus" method="pane.focus_direction"
2026-07-24T20:28:04.396051Z  INFO herdr::logging: api request received event="api.request.start" subsystem="api" outcome="started" request_id="cli:pane:focus" method="pane.focus_direction" changes_ui=true
2026-07-24T20:28:04.396151Z  INFO herdr::logging: tab focused event="tab.focus" subsystem="tab" outcome="ok" workspace_id="w1" tab_id="w1:t1"
2026-07-24T20:28:04.396179Z  INFO herdr::logging: tab focused event="tab.focus" subsystem="tab" outcome="ok" workspace_id="w1" tab_id="w1:t1"
2026-07-24T20:28:04.396227Z  INFO herdr::logging: api request completed event="api.request.complete" subsystem="api" outcome="ok" request_id="cli:pane:focus" method="pane.focus_direction"
2026-07-24T20:28:04.512651Z  INFO herdr::logging: api request received event="api.request.start" subsystem="api" outcome="started" request_id="cli:pane:focus" method="pane.focus_direction" changes_ui=true
2026-07-24T20:28:04.512742Z  INFO herdr::logging: tab focused event="tab.focus" subsystem="tab" outcome="ok" workspace_id="w1" tab_id="w1:t1"
2026-07-24T20:28:04.512771Z  INFO herdr::logging: tab focused event="tab.focus" subsystem="tab" outcome="ok" workspace_id="w1" tab_id="w1:t1"
2026-07-24T20:28:04.512801Z  INFO herdr::logging: api request completed event="api.request.complete" subsystem="api" outcome="ok" request_id="cli:pane:focus" method="pane.focus_direction"
2026-07-24T20:28:04.595812Z  INFO herdr::logging: api request received event="api.request.start" subsystem="api" outcome="started" request_id="cli:pane:focus" method="pane.focus_direction" changes_ui=true
2026-07-24T20:28:04.595897Z  INFO herdr::logging: tab focused event="tab.focus" subsystem="tab" outcome="ok" workspace_id="w1" tab_id="w1:t1"
2026-07-24T20:28:04.595931Z  INFO herdr::logging: tab focused event="tab.focus" subsystem="tab" outcome="ok" workspace_id="w1" tab_id="w1:t1"
2026-07-24T20:28:04.595960Z  INFO herdr::logging: api request completed event="api.request.complete" subsystem="api" outcome="ok" request_id="cli:pane:focus" method="pane.focus_direction"
2026-07-24T20:28:04.736016Z  INFO herdr::logging: api request received event="api.request.start" subsystem="api" outcome="started" request_id="cli:pane:focus" method="pane.focus_direction" changes_ui=true
2026-07-24T20:28:04.736118Z  INFO herdr::logging: tab focused event="tab.focus" subsystem="tab" outcome="ok" workspace_id="w1" tab_id="w1:t1"
2026-07-24T20:28:04.736151Z  INFO herdr::logging: tab focused event="tab.focus" subsystem="tab" outcome="ok" workspace_id="w1" tab_id="w1:t1"
2026-07-24T20:28:04.736180Z  INFO herdr::logging: api request completed event="api.request.complete" subsystem="api" outcome="ok" request_id="cli:pane:focus" method="pane.focus_direction"
2026-07-24T20:28:05.059772Z  INFO herdr::logging: api request received event="api.request.start" subsystem="api" outcome="started" request_id="cli:pane:focus" method="pane.focus_direction" changes_ui=true
2026-07-24T20:28:05.059874Z  INFO herdr::logging: tab focused event="tab.focus" subsystem="tab" outcome="ok" workspace_id="w1" tab_id="w1:t1"
2026-07-24T20:28:05.059910Z  INFO herdr::logging: tab focused event="tab.focus" subsystem="tab" outcome="ok" workspace_id="w1" tab_id="w1:t1"
2026-07-24T20:28:05.059937Z  INFO herdr::logging: api request completed event="api.request.complete" subsystem="api" outcome="ok" request_id="cli:pane:focus" method="pane.focus_direction"
2026-07-24T20:28:05.329296Z  INFO herdr::logging: api request received event="api.request.start" subsystem="api" outcome="started" request_id="cli:pane:focus" method="pane.focus_direction" changes_ui=true
2026-07-24T20:28:05.329399Z  INFO herdr::logging: tab focused event="tab.focus" subsystem="tab" outcome="ok" workspace_id="w1" tab_id="w1:t1"
2026-07-24T20:28:05.329433Z  INFO herdr::logging: tab focused event="tab.focus" subsystem="tab" outcome="ok" workspace_id="w1" tab_id="w1:t1"
2026-07-24T20:28:05.329460Z  INFO herdr::logging: api request completed event="api.request.complete" subsystem="api" outcome="ok" request_id="cli:pane:focus" method="pane.focus_direction"
2026-07-24T20:28:05.572759Z  INFO herdr::logging: api request received event="api.request.start" subsystem="api" outcome="started" request_id="cli:pane:focus" method="pane.focus_direction" changes_ui=true
2026-07-24T20:28:05.572861Z  INFO herdr::logging: tab focused event="tab.focus" subsystem="tab" outcome="ok" workspace_id="w1" tab_id="w1:t1"
2026-07-24T20:28:05.572894Z  INFO herdr::logging: tab focused event="tab.focus" subsystem="tab" outcome="ok" workspace_id="w1" tab_id="w1:t1"
2026-07-24T20:28:05.572932Z  INFO herdr::logging: api request completed event="api.request.complete" subsystem="api" outcome="ok" request_id="cli:pane:focus" method="pane.focus_direction"
2026-07-24T20:28:06.126137Z  INFO herdr::logging: api request received event="api.request.start" subsystem="api" outcome="started" request_id="cli:pane:focus" method="pane.focus_direction" changes_ui=true
2026-07-24T20:28:06.126241Z  INFO herdr::logging: tab focused event="tab.focus" subsystem="tab" outcome="ok" workspace_id="w1" tab_id="w1:t1"
2026-07-24T20:28:06.126275Z  INFO herdr::logging: tab focused event="tab.focus" subsystem="tab" outcome="ok" workspace_id="w1" tab_id="w1:t1"
2026-07-24T20:28:06.126302Z  INFO herdr::logging: api request completed event="api.request.complete" subsystem="api" outcome="ok" request_id="cli:pane:focus" method="pane.focus_direction"
2026-07-24T20:28:06.367841Z  INFO herdr::logging: api request received event="api.request.start" subsystem="api" outcome="started" request_id="cli:pane:focus" method="pane.focus_direction" changes_ui=true
2026-07-24T20:28:06.367947Z  INFO herdr::logging: tab focused event="tab.focus" subsystem="tab" outcome="ok" workspace_id="w1" tab_id="w1:t1"
2026-07-24T20:28:06.367981Z  INFO herdr::logging: tab focused event="tab.focus" subsystem="tab" outcome="ok" workspace_id="w1" tab_id="w1:t1"
2026-07-24T20:28:06.368007Z  INFO herdr::logging: api request completed event="api.request.complete" subsystem="api" outcome="ok" request_id="cli:pane:focus" method="pane.focus_direction"
2026-07-24T20:28:08.880422Z  INFO herdr::logging: spawning pane terminal event="pane.spawn.start" subsystem="pane" outcome="started" pane_id=5 rows=61 cols=94 scrollback_limit_bytes=10000000
2026-07-24T20:28:08.888439Z  INFO herdr::logging: pane child spawned event="pane.spawned" subsystem="pane" outcome="ok" pane_id=5 pid=10510
2026-07-24T20:28:08.889393Z  INFO herdr::logging: tab focused event="tab.focus" subsystem="tab" outcome="ok" workspace_id="w1" tab_id="w1:t2"
2026-07-24T20:28:10.493117Z  INFO herdr::logging: tab focused event="tab.focus" subsystem="tab" outcome="ok" workspace_id="w1" tab_id="w1:t1"
2026-07-24T20:28:11.439894Z  INFO herdr::logging: tab focused event="tab.focus" subsystem="tab" outcome="ok" workspace_id="w1" tab_id="w1:t2"
2026-07-24T20:28:12.083552Z  INFO herdr::logging: tab focused event="tab.focus" subsystem="tab" outcome="ok" workspace_id="w1" tab_id="w1:t1"
2026-07-24T20:28:14.070228Z  INFO herdr::logging: tab focused event="tab.focus" subsystem="tab" outcome="ok" workspace_id="w1" tab_id="w1:t2"
2026-07-24T20:28:14.842639Z  INFO herdr::logging: tab focused event="tab.focus" subsystem="tab" outcome="ok" workspace_id="w1" tab_id="w1:t1"
2026-07-24T20:28:16.199704Z  INFO herdr::logging: api request received event="api.request.start" subsystem="api" outcome="started" request_id="cli:pane:focus" method="pane.focus_direction" changes_ui=true
2026-07-24T20:28:16.199808Z  INFO herdr::logging: tab focused event="tab.focus" subsystem="tab" outcome="ok" workspace_id="w1" tab_id="w1:t1"
2026-07-24T20:28:16.199844Z  INFO herdr::logging: tab focused event="tab.focus" subsystem="tab" outcome="ok" workspace_id="w1" tab_id="w1:t1"
2026-07-24T20:28:16.199875Z  INFO herdr::logging: api request completed event="api.request.complete" subsystem="api" outcome="ok" request_id="cli:pane:focus" method="pane.focus_direction"
2026-07-24T20:28:18.846218Z  INFO herdr::logging: api request received event="api.request.start" subsystem="api" outcome="started" request_id="cli:pane:focus" method="pane.focus_direction" changes_ui=true
2026-07-24T20:28:18.846633Z  INFO herdr::logging: tab focused event="tab.focus" subsystem="tab" outcome="ok" workspace_id="w1" tab_id="w1:t1"
2026-07-24T20:28:18.846675Z  INFO herdr::logging: tab focused event="tab.focus" subsystem="tab" outcome="ok" workspace_id="w1" tab_id="w1:t1"
2026-07-24T20:28:18.846704Z  INFO herdr::logging: api request completed event="api.request.complete" subsystem="api" outcome="ok" request_id="cli:pane:focus" method="pane.focus_direction"
2026-07-24T20:28:19.555043Z  INFO herdr::logging: api request received event="api.request.start" subsystem="api" outcome="started" request_id="cli:pane:focus" method="pane.focus_direction" changes_ui=true
2026-07-24T20:28:19.555154Z  INFO herdr::logging: tab focused event="tab.focus" subsystem="tab" outcome="ok" workspace_id="w1" tab_id="w1:t1"
2026-07-24T20:28:19.555190Z  INFO herdr::logging: tab focused event="tab.focus" subsystem="tab" outcome="ok" workspace_id="w1" tab_id="w1:t1"
2026-07-24T20:28:19.555220Z  INFO herdr::logging: api request completed event="api.request.complete" subsystem="api" outcome="ok" request_id="cli:pane:focus" method="pane.focus_direction"
2026-07-24T20:28:19.887077Z  INFO herdr::logging: api request received event="api.request.start" subsystem="api" outcome="started" request_id="cli:pane:focus" method="pane.focus_direction" changes_ui=true
2026-07-24T20:28:19.887175Z  INFO herdr::logging: tab focused event="tab.focus" subsystem="tab" outcome="ok" workspace_id="w1" tab_id="w1:t1"
2026-07-24T20:28:19.887211Z  INFO herdr::logging: tab focused event="tab.focus" subsystem="tab" outcome="ok" workspace_id="w1" tab_id="w1:t1"
2026-07-24T20:28:19.887240Z  INFO herdr::logging: api request completed event="api.request.complete" subsystem="api" outcome="ok" request_id="cli:pane:focus" method="pane.focus_direction"
2026-07-24T20:28:24.892830Z  INFO herdr::logging: session saved event="persist.save" subsystem="persist" outcome="ok" path=/Users/zamp/.config/herdr/session.json workspaces=1
2026-07-24T20:28:43.487460Z  INFO herdr::logging: api request received event="api.request.start" subsystem="api" outcome="started" request_id="cli:pane:focus" method="pane.focus_direction" changes_ui=true
2026-07-24T20:28:43.487559Z  INFO herdr::logging: tab focused event="tab.focus" subsystem="tab" outcome="ok" workspace_id="w1" tab_id="w1:t1"
2026-07-24T20:28:43.487593Z  INFO herdr::logging: tab focused event="tab.focus" subsystem="tab" outcome="ok" workspace_id="w1" tab_id="w1:t1"
2026-07-24T20:28:43.487620Z  INFO herdr::logging: api request completed event="api.request.complete" subsystem="api" outcome="ok" request_id="cli:pane:focus" method="pane.focus_direction"
2026-07-24T20:28:44.050842Z  INFO herdr::logging: api request received event="api.request.start" subsystem="api" outcome="started" request_id="cli:pane:focus" method="pane.focus_direction" changes_ui=true
2026-07-24T20:28:44.050945Z  INFO herdr::logging: tab focused event="tab.focus" subsystem="tab" outcome="ok" workspace_id="w1" tab_id="w1:t1"
2026-07-24T20:28:44.050980Z  INFO herdr::logging: tab focused event="tab.focus" subsystem="tab" outcome="ok" workspace_id="w1" tab_id="w1:t1"
2026-07-24T20:28:44.051008Z  INFO herdr::logging: api request completed event="api.request.complete" subsystem="api" outcome="ok" request_id="cli:pane:focus" method="pane.focus_direction"
2026-07-24T20:28:44.367429Z  INFO herdr::logging: api request received event="api.request.start" subsystem="api" outcome="started" request_id="cli:pane:focus" method="pane.focus_direction" changes_ui=true
2026-07-24T20:28:44.367515Z  INFO herdr::logging: tab focused event="tab.focus" subsystem="tab" outcome="ok" workspace_id="w1" tab_id="w1:t1"
2026-07-24T20:28:44.367549Z  INFO herdr::logging: tab focused event="tab.focus" subsystem="tab" outcome="ok" workspace_id="w1" tab_id="w1:t1"
2026-07-24T20:28:44.367577Z  INFO herdr::logging: api request completed event="api.request.complete" subsystem="api" outcome="ok" request_id="cli:pane:focus" method="pane.focus_direction"
2026-07-24T20:28:44.567157Z  INFO herdr::logging: api request received event="api.request.start" subsystem="api" outcome="started" request_id="cli:pane:focus" method="pane.focus_direction" changes_ui=true
2026-07-24T20:28:44.567267Z  INFO herdr::logging: tab focused event="tab.focus" subsystem="tab" outcome="ok" workspace_id="w1" tab_id="w1:t1"
2026-07-24T20:28:44.567301Z  INFO herdr::logging: tab focused event="tab.focus" subsystem="tab" outcome="ok" workspace_id="w1" tab_id="w1:t1"
2026-07-24T20:28:44.567332Z  INFO herdr::logging: api request completed event="api.request.complete" subsystem="api" outcome="ok" request_id="cli:pane:focus" method="pane.focus_direction"
2026-07-24T20:28:44.755395Z  INFO herdr::logging: api request received event="api.request.start" subsystem="api" outcome="started" request_id="cli:pane:focus" method="pane.focus_direction" changes_ui=true
2026-07-24T20:28:44.755487Z  INFO herdr::logging: tab focused event="tab.focus" subsystem="tab" outcome="ok" workspace_id="w1" tab_id="w1:t1"
2026-07-24T20:28:44.755520Z  INFO herdr::logging: tab focused event="tab.focus" subsystem="tab" outcome="ok" workspace_id="w1" tab_id="w1:t1"
2026-07-24T20:28:44.755553Z  INFO herdr::logging: api request completed event="api.request.complete" subsystem="api" outcome="ok" request_id="cli:pane:focus" method="pane.focus_direction"
2026-07-24T20:28:44.883669Z  INFO herdr::logging: api request received event="api.request.start" subsystem="api" outcome="started" request_id="cli:pane:focus" method="pane.focus_direction" changes_ui=true
2026-07-24T20:28:44.883761Z  INFO herdr::logging: tab focused event="tab.focus" subsystem="tab" outcome="ok" workspace_id="w1" tab_id="w1:t1"
2026-07-24T20:28:44.883794Z  INFO herdr::logging: tab focused event="tab.focus" subsystem="tab" outcome="ok" workspace_id="w1" tab_id="w1:t1"
2026-07-24T20:28:44.883821Z  INFO herdr::logging: api request completed event="api.request.complete" subsystem="api" outcome="ok" request_id="cli:pane:focus" method="pane.focus_direction"
2026-07-24T20:28:45.109183Z  INFO herdr::logging: api request received event="api.request.start" subsystem="api" outcome="started" request_id="cli:pane:focus" method="pane.focus_direction" changes_ui=true
2026-07-24T20:28:45.109278Z  INFO herdr::logging: tab focused event="tab.focus" subsystem="tab" outcome="ok" workspace_id="w1" tab_id="w1:t1"
2026-07-24T20:28:45.109314Z  INFO herdr::logging: tab focused event="tab.focus" subsystem="tab" outcome="ok" workspace_id="w1" tab_id="w1:t1"
2026-07-24T20:28:45.109345Z  INFO herdr::logging: api request completed event="api.request.complete" subsystem="api" outcome="ok" request_id="cli:pane:focus" method="pane.focus_direction"
2026-07-24T20:28:45.358467Z  INFO herdr::logging: api request received event="api.request.start" subsystem="api" outcome="started" request_id="cli:pane:focus" method="pane.focus_direction" changes_ui=true
2026-07-24T20:28:45.358568Z  INFO herdr::logging: tab focused event="tab.focus" subsystem="tab" outcome="ok" workspace_id="w1" tab_id="w1:t1"
2026-07-24T20:28:45.358602Z  INFO herdr::logging: tab focused event="tab.focus" subsystem="tab" outcome="ok" workspace_id="w1" tab_id="w1:t1"
2026-07-24T20:28:45.358629Z  INFO herdr::logging: api request completed event="api.request.complete" subsystem="api" outcome="ok" request_id="cli:pane:focus" method="pane.focus_direction"
2026-07-24T20:28:47.622638Z  INFO herdr::logging: spawning pane terminal event="pane.spawn.start" subsystem="pane" outcome="started" pane_id=6 rows=60 cols=94 scrollback_limit_bytes=10000000
2026-07-24T20:28:47.627635Z  INFO herdr::logging: pane child spawned event="pane.spawned" subsystem="pane" outcome="ok" pane_id=6 pid=11042
2026-07-24T20:28:47.627926Z  INFO herdr::logging: tab focused event="tab.focus" subsystem="tab" outcome="ok" workspace_id="w1" tab_id="w1:t1"
2026-07-24T20:28:51.147656Z  INFO herdr::logging: pane child exited event="pane.exit" subsystem="pane" outcome="completed" pane_id=6 status="ExitStatus { code: 1, signal: None }"
2026-07-24T20:28:51.167453Z  INFO herdr::pane: pane session terminated pane=6 pid=11042 signal=Hangup
2026-07-24T20:28:51.168762Z  WARN herdr::app::actions: PaneDied for unknown pane pane=6
2026-07-24T20:28:52.245707Z  INFO herdr::logging: api request received event="api.request.start" subsystem="api" outcome="started" request_id="cli:pane:focus" method="pane.focus_direction" changes_ui=true
2026-07-24T20:28:52.245804Z  INFO herdr::logging: tab focused event="tab.focus" subsystem="tab" outcome="ok" workspace_id="w1" tab_id="w1:t1"
2026-07-24T20:28:52.245839Z  INFO herdr::logging: tab focused event="tab.focus" subsystem="tab" outcome="ok" workspace_id="w1" tab_id="w1:t1"
2026-07-24T20:28:52.245886Z  INFO herdr::logging: api request completed event="api.request.complete" subsystem="api" outcome="ok" request_id="cli:pane:focus" method="pane.focus_direction"
2026-07-24T20:28:57.255281Z  INFO herdr::logging: session saved event="persist.save" subsystem="persist" outcome="ok" path=/Users/zamp/.config/herdr/session.json workspaces=1
2026-07-24T20:29:01.690454Z  INFO herdr::logging: api request received event="api.request.start" subsystem="api" outcome="started" request_id="cli:pane:focus" method="pane.focus_direction" changes_ui=true
2026-07-24T20:29:01.690556Z  INFO herdr::logging: tab focused event="tab.focus" subsystem="tab" outcome="ok" workspace_id="w1" tab_id="w1:t1"
2026-07-24T20:29:01.690591Z  INFO herdr::logging: tab focused event="tab.focus" subsystem="tab" outcome="ok" workspace_id="w1" tab_id="w1:t1"
2026-07-24T20:29:01.690617Z  INFO herdr::logging: api request completed event="api.request.complete" subsystem="api" outcome="ok" request_id="cli:pane:focus" method="pane.focus_direction"
2026-07-24T20:29:02.356107Z  INFO herdr::logging: pane child exited event="pane.exit" subsystem="pane" outcome="completed" pane_id=4 status="ExitStatus { code: 1, signal: None }"
2026-07-24T20:29:02.378950Z  INFO herdr::pane: pane session terminated pane=4 pid=10184 signal=Hangup
2026-07-24T20:29:02.380356Z  WARN herdr::app::actions: PaneDied for unknown pane pane=4
2026-07-24T20:29:07.384503Z  INFO herdr::logging: session saved event="persist.save" subsystem="persist" outcome="ok" path=/Users/zamp/.config/herdr/session.json workspaces=1
2026-07-24T20:29:08.117360Z  INFO herdr::logging: workspace focused event="workspace.focus" subsystem="workspace" outcome="ok" workspace_id="w1"
2026-07-24T20:29:08.117845Z  INFO herdr::logging: tab focused event="tab.focus" subsystem="tab" outcome="ok" workspace_id="w1" tab_id="w1:t1"
2026-07-24T20:29:08.118208Z  INFO herdr::logging: tab focused event="tab.focus" subsystem="tab" outcome="ok" workspace_id="w1" tab_id="w1:t2"
2026-07-24T20:29:08.121378Z  INFO herdr::logging: pane child exited event="pane.exit" subsystem="pane" outcome="completed" pane_id=5 status="ExitStatus { code: 1, signal: None }"
2026-07-24T20:29:08.140690Z  INFO herdr::pane: pane session terminated pane=5 pid=10510 signal=Hangup
2026-07-24T20:29:08.142026Z  WARN herdr::app::actions: PaneDied for unknown pane pane=5
2026-07-24T20:29:13.144294Z  INFO herdr::logging: session saved event="persist.save" subsystem="persist" outcome="ok" path=/Users/zamp/.config/herdr/session.json workspaces=1
2026-07-24T20:29:14.368664Z  INFO herdr::server::headless: client resize client_id=2 cols=216 rows=63 cell_width_px=0 cell_height_px=0
2026-07-24T20:29:55.026465Z  INFO herdr::logging: spawning pane terminal event="pane.spawn.start" subsystem="pane" outcome="started" pane_id=7 rows=63 cols=188 scrollback_limit_bytes=10000000
2026-07-24T20:29:55.034370Z  INFO herdr::logging: pane child spawned event="pane.spawned" subsystem="pane" outcome="ok" pane_id=7 pid=11194
2026-07-24T20:29:55.035200Z  INFO herdr::logging: tab focused event="tab.focus" subsystem="tab" outcome="ok" workspace_id="w1" tab_id="w1:t1"
2026-07-24T20:30:00.260708Z  INFO herdr::logging: pane child exited event="pane.exit" subsystem="pane" outcome="completed" pane_id=7 status="ExitStatus { code: 1, signal: None }"
2026-07-24T20:30:00.283775Z  INFO herdr::pane: pane session terminated pane=7 pid=11194 signal=Hangup
2026-07-24T20:30:00.285320Z  WARN herdr::app::actions: PaneDied for unknown pane pane=7
2026-07-24T20:30:05.292500Z  INFO herdr::logging: session saved event="persist.save" subsystem="persist" outcome="ok" path=/Users/zamp/.config/herdr/session.json workspaces=1
2026-07-24T20:37:31.320771Z  INFO herdr::logging: spawning pane terminal event="pane.spawn.start" subsystem="pane" outcome="started" pane_id=8 rows=63 cols=188 scrollback_limit_bytes=10000000
2026-07-24T20:37:31.323406Z  INFO herdr::logging: pane child spawned event="pane.spawned" subsystem="pane" outcome="ok" pane_id=8 pid=14997
2026-07-24T20:37:31.323602Z  INFO herdr::logging: tab focused event="tab.focus" subsystem="tab" outcome="ok" workspace_id="w1" tab_id="w1:t1"
2026-07-24T20:37:36.330791Z  INFO herdr::logging: session saved event="persist.save" subsystem="persist" outcome="ok" path=/Users/zamp/.config/herdr/session.json workspaces=1
2026-07-24T20:39:29.429357Z  INFO herdr::logging: api request received event="api.request.start" subsystem="api" outcome="started" request_id="cli:pane:focus" method="pane.focus_direction" changes_ui=true
2026-07-24T20:39:29.429466Z  INFO herdr::logging: tab focused event="tab.focus" subsystem="tab" outcome="ok" workspace_id="w1" tab_id="w1:t1"
2026-07-24T20:39:29.429500Z  INFO herdr::logging: tab focused event="tab.focus" subsystem="tab" outcome="ok" workspace_id="w1" tab_id="w1:t1"
2026-07-24T20:39:29.429532Z  INFO herdr::logging: api request completed event="api.request.complete" subsystem="api" outcome="ok" request_id="cli:pane:focus" method="pane.focus_direction"
2026-07-24T20:39:34.437047Z  INFO herdr::logging: session saved event="persist.save" subsystem="persist" outcome="ok" path=/Users/zamp/.config/herdr/session.json workspaces=1
2026-07-24T20:39:49.443605Z  INFO herdr::logging: api request received event="api.request.start" subsystem="api" outcome="started" request_id="cli:pane:focus" method="pane.focus_direction" changes_ui=true
2026-07-24T20:39:49.443713Z  INFO herdr::logging: tab focused event="tab.focus" subsystem="tab" outcome="ok" workspace_id="w1" tab_id="w1:t1"
2026-07-24T20:39:49.443751Z  INFO herdr::logging: tab focused event="tab.focus" subsystem="tab" outcome="ok" workspace_id="w1" tab_id="w1:t1"
2026-07-24T20:39:49.443780Z  INFO herdr::logging: api request completed event="api.request.complete" subsystem="api" outcome="ok" request_id="cli:pane:focus" method="pane.focus_direction"
2026-07-24T20:39:50.986759Z  INFO herdr::logging: pane child exited event="pane.exit" subsystem="pane" outcome="completed" pane_id=8 status="ExitStatus { code: 1, signal: None }"
2026-07-24T20:39:51.009203Z  INFO herdr::pane: pane session terminated pane=8 pid=14997 signal=Hangup
2026-07-24T20:39:51.010458Z  WARN herdr::app::actions: PaneDied for unknown pane pane=8
2026-07-24T20:39:56.013104Z  INFO herdr::logging: session saved event="persist.save" subsystem="persist" outcome="ok" path=/Users/zamp/.config/herdr/session.json workspaces=1
2026-07-24T20:45:47.507377Z  INFO herdr::logging: checking for updates event="update.check.start" subsystem="update" outcome="started"
2026-07-24T20:48:10.440858Z  INFO herdr::logging: spawning pane terminal event="pane.spawn.start" subsystem="pane" outcome="started" pane_id=9 rows=63 cols=188 scrollback_limit_bytes=10000000
2026-07-24T20:48:10.448173Z  INFO herdr::logging: pane child spawned event="pane.spawned" subsystem="pane" outcome="ok" pane_id=9 pid=18572
2026-07-24T20:48:10.448699Z  INFO herdr::logging: tab renamed event="tab.rename" subsystem="tab" outcome="ok" workspace_id="w1" tab_id="w1:t3"
2026-07-24T20:48:10.448952Z  INFO herdr::logging: tab focused event="tab.focus" subsystem="tab" outcome="ok" workspace_id="w1" tab_id="w1:t3"
2026-07-24T20:48:15.460482Z  INFO herdr::logging: session saved event="persist.save" subsystem="persist" outcome="ok" path=/Users/zamp/.config/herdr/session.json workspaces=1
2026-07-24T20:48:16.971538Z  INFO herdr::logging: tab focused event="tab.focus" subsystem="tab" outcome="ok" workspace_id="w1" tab_id="w1:t1"
2026-07-24T20:48:21.981885Z  INFO herdr::logging: session saved event="persist.save" subsystem="persist" outcome="ok" path=/Users/zamp/.config/herdr/session.json workspaces=1
2026-07-24T20:48:25.785934Z  INFO herdr::logging: spawning pane terminal event="pane.spawn.start" subsystem="pane" outcome="started" pane_id=10 rows=62 cols=188 scrollback_limit_bytes=10000000
2026-07-24T20:48:25.794666Z  INFO herdr::logging: pane child spawned event="pane.spawned" subsystem="pane" outcome="ok" pane_id=10 pid=18695
2026-07-24T20:48:25.795478Z  INFO herdr::logging: tab focused event="tab.focus" subsystem="tab" outcome="ok" workspace_id="w1" tab_id="w1:t1"
2026-07-24T20:48:27.872492Z  INFO herdr::pane: agent changed pane=10 previous_agent=None agent=Some(Codex) process=codex pgid=Some(18777)
2026-07-24T20:48:30.805081Z  INFO herdr::logging: session saved event="persist.save" subsystem="persist" outcome="ok" path=/Users/zamp/.config/herdr/session.json workspaces=1
2026-07-24T20:48:45.389622Z  INFO herdr::logging: api request received event="api.request.start" subsystem="api" outcome="started" request_id="cli:pane:focus" method="pane.focus_direction" changes_ui=true
2026-07-24T20:48:45.389730Z  INFO herdr::logging: tab focused event="tab.focus" subsystem="tab" outcome="ok" workspace_id="w1" tab_id="w1:t1"
2026-07-24T20:48:45.389768Z  INFO herdr::logging: tab focused event="tab.focus" subsystem="tab" outcome="ok" workspace_id="w1" tab_id="w1:t1"
2026-07-24T20:48:45.389796Z  INFO herdr::logging: api request completed event="api.request.complete" subsystem="api" outcome="ok" request_id="cli:pane:focus" method="pane.focus_direction"
2026-07-24T20:48:50.398066Z  INFO herdr::logging: session saved event="persist.save" subsystem="persist" outcome="ok" path=/Users/zamp/.config/herdr/session.json workspaces=1
2026-07-24T20:49:29.975339Z  INFO herdr::logging: api request received event="api.request.start" subsystem="api" outcome="started" request_id="cli:pane:focus" method="pane.focus_direction" changes_ui=true
2026-07-24T20:49:29.975447Z  INFO herdr::logging: tab focused event="tab.focus" subsystem="tab" outcome="ok" workspace_id="w1" tab_id="w1:t1"
2026-07-24T20:49:29.975483Z  INFO herdr::logging: tab focused event="tab.focus" subsystem="tab" outcome="ok" workspace_id="w1" tab_id="w1:t1"
2026-07-24T20:49:29.975513Z  INFO herdr::logging: api request completed event="api.request.complete" subsystem="api" outcome="ok" request_id="cli:pane:focus" method="pane.focus_direction"
2026-07-24T20:49:34.981613Z  INFO herdr::logging: session saved event="persist.save" subsystem="persist" outcome="ok" path=/Users/zamp/.config/herdr/session.json workspaces=1
2026-07-24T20:51:22.915523Z  INFO herdr::logging: api request received event="api.request.start" subsystem="api" outcome="started" request_id="cli:pane:focus" method="pane.focus_direction" changes_ui=true
2026-07-24T20:51:22.915626Z  INFO herdr::logging: tab focused event="tab.focus" subsystem="tab" outcome="ok" workspace_id="w1" tab_id="w1:t1"
2026-07-24T20:51:22.915659Z  INFO herdr::logging: tab focused event="tab.focus" subsystem="tab" outcome="ok" workspace_id="w1" tab_id="w1:t1"
2026-07-24T20:51:22.915691Z  INFO herdr::logging: api request completed event="api.request.complete" subsystem="api" outcome="ok" request_id="cli:pane:focus" method="pane.focus_direction"
2026-07-24T20:51:23.760451Z  INFO herdr::logging: api request received event="api.request.start" subsystem="api" outcome="started" request_id="cli:pane:focus" method="pane.focus_direction" changes_ui=true
2026-07-24T20:51:23.760555Z  INFO herdr::logging: tab focused event="tab.focus" subsystem="tab" outcome="ok" workspace_id="w1" tab_id="w1:t1"
2026-07-24T20:51:23.760592Z  INFO herdr::logging: tab focused event="tab.focus" subsystem="tab" outcome="ok" workspace_id="w1" tab_id="w1:t1"
2026-07-24T20:51:23.760621Z  INFO herdr::logging: api request completed event="api.request.complete" subsystem="api" outcome="ok" request_id="cli:pane:focus" method="pane.focus_direction"
2026-07-24T20:51:24.474175Z  INFO herdr::logging: api request received event="api.request.start" subsystem="api" outcome="started" request_id="cli:pane:focus" method="pane.focus_direction" changes_ui=true
2026-07-24T20:51:24.474303Z  INFO herdr::logging: tab focused event="tab.focus" subsystem="tab" outcome="ok" workspace_id="w1" tab_id="w1:t1"
2026-07-24T20:51:24.474344Z  INFO herdr::logging: tab focused event="tab.focus" subsystem="tab" outcome="ok" workspace_id="w1" tab_id="w1:t1"
2026-07-24T20:51:24.474376Z  INFO herdr::logging: api request completed event="api.request.complete" subsystem="api" outcome="ok" request_id="cli:pane:focus" method="pane.focus_direction"
2026-07-24T20:51:24.979965Z  INFO herdr::logging: api request received event="api.request.start" subsystem="api" outcome="started" request_id="cli:pane:focus" method="pane.focus_direction" changes_ui=true
2026-07-24T20:51:24.980079Z  INFO herdr::logging: tab focused event="tab.focus" subsystem="tab" outcome="ok" workspace_id="w1" tab_id="w1:t1"
2026-07-24T20:51:24.980112Z  INFO herdr::logging: tab focused event="tab.focus" subsystem="tab" outcome="ok" workspace_id="w1" tab_id="w1:t1"
2026-07-24T20:51:24.980139Z  INFO herdr::logging: api request completed event="api.request.complete" subsystem="api" outcome="ok" request_id="cli:pane:focus" method="pane.focus_direction"
2026-07-24T20:51:29.985734Z  INFO herdr::logging: session saved event="persist.save" subsystem="persist" outcome="ok" path=/Users/zamp/.config/herdr/session.json workspaces=1
2026-07-24T20:57:01.048251Z  INFO herdr::logging: tab focused event="tab.focus" subsystem="tab" outcome="ok" workspace_id="w1" tab_id="w1:t1"
2026-07-24T20:57:06.060548Z  INFO herdr::logging: session saved event="persist.save" subsystem="persist" outcome="ok" path=/Users/zamp/.config/herdr/session.json workspaces=1
2026-07-24T20:57:46.869917Z  INFO herdr::logging: api request received event="api.request.start" subsystem="api" outcome="started" request_id="cli:pane:focus" method="pane.focus_direction" changes_ui=true
2026-07-24T20:57:46.870032Z  INFO herdr::logging: tab focused event="tab.focus" subsystem="tab" outcome="ok" workspace_id="w1" tab_id="w1:t1"
2026-07-24T20:57:46.870089Z  INFO herdr::logging: tab focused event="tab.focus" subsystem="tab" outcome="ok" workspace_id="w1" tab_id="w1:t1"
2026-07-24T20:57:46.870122Z  INFO herdr::logging: api request completed event="api.request.complete" subsystem="api" outcome="ok" request_id="cli:pane:focus" method="pane.focus_direction"
2026-07-24T20:57:51.877083Z  INFO herdr::logging: session saved event="persist.save" subsystem="persist" outcome="ok" path=/Users/zamp/.config/herdr/session.json workspaces=1
2026-07-24T20:57:53.710265Z  INFO herdr::logging: tab focused event="tab.focus" subsystem="tab" outcome="ok" workspace_id="w1" tab_id="w1:t1"
2026-07-24T20:57:58.719990Z  INFO herdr::logging: session saved event="persist.save" subsystem="persist" outcome="ok" path=/Users/zamp/.config/herdr/session.json workspaces=1
2026-07-24T21:00:26.212153Z  INFO herdr::logging: session saved event="persist.save" subsystem="persist" outcome="ok" path=/Users/zamp/.config/herdr/session.json workspaces=1
2026-07-24T21:02:39.786251Z  INFO herdr::logging: session saved event="persist.save" subsystem="persist" outcome="ok" path=/Users/zamp/.config/herdr/session.json workspaces=1
2026-07-24T21:06:20.511195Z  INFO herdr::logging: tab focused event="tab.focus" subsystem="tab" outcome="ok" workspace_id="w1" tab_id="w1:t1"
2026-07-24T21:06:21.779877Z  INFO herdr::logging: tab focused event="tab.focus" subsystem="tab" outcome="ok" workspace_id="w1" tab_id="w1:t1"
2026-07-24T21:06:26.789479Z  INFO herdr::logging: session saved event="persist.save" subsystem="persist" outcome="ok" path=/Users/zamp/.config/herdr/session.json workspaces=1
2026-07-24T21:06:49.204781Z  INFO herdr::logging: tab focused event="tab.focus" subsystem="tab" outcome="ok" workspace_id="w1" tab_id="w1:t1"
2026-07-24T21:06:54.213071Z  INFO herdr::logging: session saved event="persist.save" subsystem="persist" outcome="ok" path=/Users/zamp/.config/herdr/session.json workspaces=1
2026-07-24T21:07:02.222091Z  INFO herdr::logging: tab focused event="tab.focus" subsystem="tab" outcome="ok" workspace_id="w1" tab_id="w1:t3"
2026-07-24T21:07:07.230383Z  INFO herdr::logging: session saved event="persist.save" subsystem="persist" outcome="ok" path=/Users/zamp/.config/herdr/session.json workspaces=1
2026-07-24T21:07:18.660887Z  INFO herdr::logging: tab focused event="tab.focus" subsystem="tab" outcome="ok" workspace_id="w1" tab_id="w1:t1"
2026-07-24T21:07:22.499473Z  INFO herdr::logging: tab focused event="tab.focus" subsystem="tab" outcome="ok" workspace_id="w1" tab_id="w1:t3"
2026-07-24T21:07:27.332116Z  INFO herdr::logging: spawning pane terminal event="pane.spawn.start" subsystem="pane" outcome="started" pane_id=11 rows=62 cols=212 scrollback_limit_bytes=10000000
2026-07-24T21:07:27.339837Z  INFO herdr::logging: pane child spawned event="pane.spawned" subsystem="pane" outcome="ok" pane_id=11 pid=20255
2026-07-24T21:07:27.340448Z  INFO herdr::logging: tab focused event="tab.focus" subsystem="tab" outcome="ok" workspace_id="w1" tab_id="w1:t3"
2026-07-24T21:07:32.347272Z  INFO herdr::logging: session saved event="persist.save" subsystem="persist" outcome="ok" path=/Users/zamp/.config/herdr/session.json workspaces=1
2026-07-24T21:07:43.146396Z  INFO herdr::logging: tab focused event="tab.focus" subsystem="tab" outcome="ok" workspace_id="w1" tab_id="w1:t1"
2026-07-24T21:07:44.572325Z  INFO herdr::logging: api request received event="api.request.start" subsystem="api" outcome="started" request_id="cli:pane:focus" method="pane.focus_direction" changes_ui=true
2026-07-24T21:07:44.572390Z  INFO herdr::logging: tab focused event="tab.focus" subsystem="tab" outcome="ok" workspace_id="w1" tab_id="w1:t1"
2026-07-24T21:07:44.572399Z  INFO herdr::logging: tab focused event="tab.focus" subsystem="tab" outcome="ok" workspace_id="w1" tab_id="w1:t1"
2026-07-24T21:07:44.572426Z  INFO herdr::logging: api request completed event="api.request.complete" subsystem="api" outcome="ok" request_id="cli:pane:focus" method="pane.focus_direction"
2026-07-24T21:07:49.580441Z  INFO herdr::logging: session saved event="persist.save" subsystem="persist" outcome="ok" path=/Users/zamp/.config/herdr/session.json workspaces=1
2026-07-24T21:08:14.437071Z  INFO herdr::logging: tab focused event="tab.focus" subsystem="tab" outcome="ok" workspace_id="w1" tab_id="w1:t3"
2026-07-24T21:08:15.777810Z  INFO herdr::logging: api request received event="api.request.start" subsystem="api" outcome="started" request_id="cli:pane:focus" method="pane.focus_direction" changes_ui=true
2026-07-24T21:08:15.777886Z  INFO herdr::logging: tab focused event="tab.focus" subsystem="tab" outcome="ok" workspace_id="w1" tab_id="w1:t3"
2026-07-24T21:08:15.777902Z  INFO herdr::logging: tab focused event="tab.focus" subsystem="tab" outcome="ok" workspace_id="w1" tab_id="w1:t3"
2026-07-24T21:08:15.777937Z  INFO herdr::logging: api request completed event="api.request.complete" subsystem="api" outcome="ok" request_id="cli:pane:focus" method="pane.focus_direction"
2026-07-24T21:08:20.781601Z  INFO herdr::logging: session saved event="persist.save" subsystem="persist" outcome="ok" path=/Users/zamp/.config/herdr/session.json workspaces=1
2026-07-24T21:11:07.825989Z  INFO herdr::logging: tab focused event="tab.focus" subsystem="tab" outcome="ok" workspace_id="w1" tab_id="w1:t1"
2026-07-24T21:11:11.140914Z  INFO herdr::logging: api request received event="api.request.start" subsystem="api" outcome="started" request_id="cli:pane:focus" method="pane.focus_direction" changes_ui=true
2026-07-24T21:11:11.140989Z  INFO herdr::logging: tab focused event="tab.focus" subsystem="tab" outcome="ok" workspace_id="w1" tab_id="w1:t1"
2026-07-24T21:11:11.141005Z  INFO herdr::logging: tab focused event="tab.focus" subsystem="tab" outcome="ok" workspace_id="w1" tab_id="w1:t1"
2026-07-24T21:11:11.141033Z  INFO herdr::logging: api request completed event="api.request.complete" subsystem="api" outcome="ok" request_id="cli:pane:focus" method="pane.focus_direction"
2026-07-24T21:11:16.146935Z  INFO herdr::logging: session saved event="persist.save" subsystem="persist" outcome="ok" path=/Users/zamp/.config/herdr/session.json workspaces=1
2026-07-24T21:12:09.439364Z  INFO herdr::logging: tab focused event="tab.focus" subsystem="tab" outcome="ok" workspace_id="w1" tab_id="w1:t3"
2026-07-24T21:12:14.443736Z  INFO herdr::logging: session saved event="persist.save" subsystem="persist" outcome="ok" path=/Users/zamp/.config/herdr/session.json workspaces=1
2026-07-24T21:12:18.452091Z  INFO herdr::logging: tab focused event="tab.focus" subsystem="tab" outcome="ok" workspace_id="w1" tab_id="w1:t1"
2026-07-24T21:12:20.209770Z  INFO herdr::logging: tab focused event="tab.focus" subsystem="tab" outcome="ok" workspace_id="w1" tab_id="w1:t3"
2026-07-24T21:12:25.220470Z  INFO herdr::logging: session saved event="persist.save" subsystem="persist" outcome="ok" path=/Users/zamp/.config/herdr/session.json workspaces=1
2026-07-24T21:14:02.865464Z  INFO herdr::logging: tab focused event="tab.focus" subsystem="tab" outcome="ok" workspace_id="w1" tab_id="w1:t1"
2026-07-24T21:14:07.873823Z  INFO herdr::logging: session saved event="persist.save" subsystem="persist" outcome="ok" path=/Users/zamp/.config/herdr/session.json workspaces=1
2026-07-24T21:14:37.745692Z  INFO herdr::logging: api request received event="api.request.start" subsystem="api" outcome="started" request_id="cli:pane:focus" method="pane.focus_direction" changes_ui=true
2026-07-24T21:14:37.745757Z  INFO herdr::logging: tab focused event="tab.focus" subsystem="tab" outcome="ok" workspace_id="w1" tab_id="w1:t1"
2026-07-24T21:14:37.745767Z  INFO herdr::logging: tab focused event="tab.focus" subsystem="tab" outcome="ok" workspace_id="w1" tab_id="w1:t1"
2026-07-24T21:14:37.745797Z  INFO herdr::logging: api request completed event="api.request.complete" subsystem="api" outcome="ok" request_id="cli:pane:focus" method="pane.focus_direction"
2026-07-24T21:14:42.751030Z  INFO herdr::logging: session saved event="persist.save" subsystem="persist" outcome="ok" path=/Users/zamp/.config/herdr/session.json workspaces=1
2026-07-24T21:15:47.514610Z  INFO herdr::logging: checking for updates event="update.check.start" subsystem="update" outcome="started"
2026-07-24T21:19:07.660869Z  INFO herdr::logging: tab focused event="tab.focus" subsystem="tab" outcome="ok" workspace_id="w1" tab_id="w1:t1"
2026-07-24T21:19:12.668963Z  INFO herdr::logging: session saved event="persist.save" subsystem="persist" outcome="ok" path=/Users/zamp/.config/herdr/session.json workspaces=1
2026-07-24T21:26:03.469834Z  INFO herdr::logging: tab focused event="tab.focus" subsystem="tab" outcome="ok" workspace_id="w1" tab_id="w1:t1"
2026-07-24T21:26:08.480447Z  INFO herdr::logging: session saved event="persist.save" subsystem="persist" outcome="ok" path=/Users/zamp/.config/herdr/session.json workspaces=1
2026-07-24T21:27:50.532495Z  INFO herdr::logging: tab focused event="tab.focus" subsystem="tab" outcome="ok" workspace_id="w1" tab_id="w1:t1"
2026-07-24T21:27:55.544999Z  INFO herdr::logging: session saved event="persist.save" subsystem="persist" outcome="ok" path=/Users/zamp/.config/herdr/session.json workspaces=1
2026-07-24T21:32:14.768807Z  INFO herdr::logging: api request received event="api.request.start" subsystem="api" outcome="started" request_id="cli:pane:focus" method="pane.focus_direction" changes_ui=true
2026-07-24T21:32:14.768872Z  INFO herdr::logging: tab focused event="tab.focus" subsystem="tab" outcome="ok" workspace_id="w1" tab_id="w1:t1"
2026-07-24T21:32:14.768887Z  INFO herdr::logging: tab focused event="tab.focus" subsystem="tab" outcome="ok" workspace_id="w1" tab_id="w1:t1"
2026-07-24T21:32:14.768917Z  INFO herdr::logging: api request completed event="api.request.complete" subsystem="api" outcome="ok" request_id="cli:pane:focus" method="pane.focus_direction"
2026-07-24T21:32:19.777694Z  INFO herdr::logging: session saved event="persist.save" subsystem="persist" outcome="ok" path=/Users/zamp/.config/herdr/session.json workspaces=1
2026-07-24T21:33:04.426832Z  INFO herdr::logging: tab focused event="tab.focus" subsystem="tab" outcome="ok" workspace_id="w1" tab_id="w1:t1"
2026-07-24T21:33:09.439697Z  INFO herdr::logging: session saved event="persist.save" subsystem="persist" outcome="ok" path=/Users/zamp/.config/herdr/session.json workspaces=1
2026-07-24T21:36:01.598714Z  INFO herdr::logging: tab focused event="tab.focus" subsystem="tab" outcome="ok" workspace_id="w1" tab_id="w1:t3"
2026-07-24T21:36:06.613697Z  INFO herdr::logging: session saved event="persist.save" subsystem="persist" outcome="ok" path=/Users/zamp/.config/herdr/session.json workspaces=1
2026-07-24T21:38:49.966643Z  INFO herdr::logging: tab focused event="tab.focus" subsystem="tab" outcome="ok" workspace_id="w1" tab_id="w1:t1"
2026-07-24T21:38:51.093872Z  INFO herdr::logging: api request received event="api.request.start" subsystem="api" outcome="started" request_id="cli:pane:focus" method="pane.focus_direction" changes_ui=true
2026-07-24T21:38:51.093930Z  INFO herdr::logging: tab focused event="tab.focus" subsystem="tab" outcome="ok" workspace_id="w1" tab_id="w1:t1"
2026-07-24T21:38:51.093942Z  INFO herdr::logging: tab focused event="tab.focus" subsystem="tab" outcome="ok" workspace_id="w1" tab_id="w1:t1"
2026-07-24T21:38:51.093969Z  INFO herdr::logging: api request completed event="api.request.complete" subsystem="api" outcome="ok" request_id="cli:pane:focus" method="pane.focus_direction"
2026-07-24T21:38:56.103494Z  INFO herdr::logging: session saved event="persist.save" subsystem="persist" outcome="ok" path=/Users/zamp/.config/herdr/session.json workspaces=1
2026-07-24T21:41:27.064655Z  INFO herdr::logging: api request received event="api.request.start" subsystem="api" outcome="started" request_id="cli:pane:resize" method="pane.resize" changes_ui=true
2026-07-24T21:41:27.064757Z  INFO herdr::logging: api request completed event="api.request.complete" subsystem="api" outcome="ok" request_id="cli:pane:resize" method="pane.resize"
2026-07-24T21:41:28.837157Z  INFO herdr::logging: api request received event="api.request.start" subsystem="api" outcome="started" request_id="cli:pane:resize" method="pane.resize" changes_ui=true
2026-07-24T21:41:28.837256Z  INFO herdr::logging: api request completed event="api.request.complete" subsystem="api" outcome="ok" request_id="cli:pane:resize" method="pane.resize"
2026-07-24T21:41:29.581641Z  INFO herdr::logging: api request received event="api.request.start" subsystem="api" outcome="started" request_id="cli:pane:focus" method="pane.focus_direction" changes_ui=true
2026-07-24T21:41:29.581693Z  INFO herdr::logging: tab focused event="tab.focus" subsystem="tab" outcome="ok" workspace_id="w1" tab_id="w1:t1"
2026-07-24T21:41:29.581705Z  INFO herdr::logging: tab focused event="tab.focus" subsystem="tab" outcome="ok" workspace_id="w1" tab_id="w1:t1"
2026-07-24T21:41:29.581730Z  INFO herdr::logging: api request completed event="api.request.complete" subsystem="api" outcome="ok" request_id="cli:pane:focus" method="pane.focus_direction"
2026-07-24T21:41:34.587134Z  INFO herdr::logging: session saved event="persist.save" subsystem="persist" outcome="ok" path=/Users/zamp/.config/herdr/session.json workspaces=1
2026-07-24T21:43:30.874776Z  INFO herdr::logging: tab focused event="tab.focus" subsystem="tab" outcome="ok" workspace_id="w1" tab_id="w1:t1"
2026-07-24T21:43:35.889111Z  INFO herdr::logging: session saved event="persist.save" subsystem="persist" outcome="ok" path=/Users/zamp/.config/herdr/session.json workspaces=1
2026-07-24T21:45:47.516638Z  INFO herdr::logging: checking for updates event="update.check.start" subsystem="update" outcome="started"
2026-07-24T21:45:54.626666Z  INFO herdr::logging: api request received event="api.request.start" subsystem="api" outcome="started" request_id="cli:pane:focus" method="pane.focus_direction" changes_ui=true
2026-07-24T21:45:54.626748Z  INFO herdr::logging: tab focused event="tab.focus" subsystem="tab" outcome="ok" workspace_id="w1" tab_id="w1:t1"
2026-07-24T21:45:54.626762Z  INFO herdr::logging: tab focused event="tab.focus" subsystem="tab" outcome="ok" workspace_id="w1" tab_id="w1:t1"
2026-07-24T21:45:54.626793Z  INFO herdr::logging: api request completed event="api.request.complete" subsystem="api" outcome="ok" request_id="cli:pane:focus" method="pane.focus_direction"
2026-07-24T21:45:59.635321Z  INFO herdr::logging: session saved event="persist.save" subsystem="persist" outcome="ok" path=/Users/zamp/.config/herdr/session.json workspaces=1
2026-07-24T21:49:08.994570Z  INFO herdr::logging: api request received event="api.request.start" subsystem="api" outcome="started" request_id="cli:pane:focus" method="pane.focus_direction" changes_ui=true
2026-07-24T21:49:08.994650Z  INFO herdr::logging: tab focused event="tab.focus" subsystem="tab" outcome="ok" workspace_id="w1" tab_id="w1:t1"
2026-07-24T21:49:08.994679Z  INFO herdr::logging: tab focused event="tab.focus" subsystem="tab" outcome="ok" workspace_id="w1" tab_id="w1:t1"
2026-07-24T21:49:08.994712Z  INFO herdr::logging: api request completed event="api.request.complete" subsystem="api" outcome="ok" request_id="cli:pane:focus" method="pane.focus_direction"
2026-07-24T21:49:14.002985Z  INFO herdr::logging: session saved event="persist.save" subsystem="persist" outcome="ok" path=/Users/zamp/.config/herdr/session.json workspaces=1
2026-07-24T21:52:13.003183Z  INFO herdr::logging: api request received event="api.request.start" subsystem="api" outcome="started" request_id="cli:pane:focus" method="pane.focus_direction" changes_ui=true
2026-07-24T21:52:13.003242Z  INFO herdr::logging: tab focused event="tab.focus" subsystem="tab" outcome="ok" workspace_id="w1" tab_id="w1:t1"
2026-07-24T21:52:13.003253Z  INFO herdr::logging: tab focused event="tab.focus" subsystem="tab" outcome="ok" workspace_id="w1" tab_id="w1:t1"
2026-07-24T21:52:13.003277Z  INFO herdr::logging: api request completed event="api.request.complete" subsystem="api" outcome="ok" request_id="cli:pane:focus" method="pane.focus_direction"
2026-07-24T21:52:18.012305Z  INFO herdr::logging: session saved event="persist.save" subsystem="persist" outcome="ok" path=/Users/zamp/.config/herdr/session.json workspaces=1
2026-07-24T21:53:26.751038Z  INFO herdr::logging: api request received event="api.request.start" subsystem="api" outcome="started" request_id="cli:pane:focus" method="pane.focus_direction" changes_ui=true
2026-07-24T21:53:26.751109Z  INFO herdr::logging: tab focused event="tab.focus" subsystem="tab" outcome="ok" workspace_id="w1" tab_id="w1:t1"
2026-07-24T21:53:26.751124Z  INFO herdr::logging: tab focused event="tab.focus" subsystem="tab" outcome="ok" workspace_id="w1" tab_id="w1:t1"
2026-07-24T21:53:26.751152Z  INFO herdr::logging: api request completed event="api.request.complete" subsystem="api" outcome="ok" request_id="cli:pane:focus" method="pane.focus_direction"
2026-07-24T21:53:31.757250Z  INFO herdr::logging: session saved event="persist.save" subsystem="persist" outcome="ok" path=/Users/zamp/.config/herdr/session.json workspaces=1
2026-07-24T21:57:46.030420Z  INFO herdr::logging: api request received event="api.request.start" subsystem="api" outcome="started" request_id="cli:pane:focus" method="pane.focus_direction" changes_ui=true
2026-07-24T21:57:46.030493Z  INFO herdr::logging: tab focused event="tab.focus" subsystem="tab" outcome="ok" workspace_id="w1" tab_id="w1:t1"
2026-07-24T21:57:46.030507Z  INFO herdr::logging: tab focused event="tab.focus" subsystem="tab" outcome="ok" workspace_id="w1" tab_id="w1:t1"
2026-07-24T21:57:46.030537Z  INFO herdr::logging: api request completed event="api.request.complete" subsystem="api" outcome="ok" request_id="cli:pane:focus" method="pane.focus_direction"
2026-07-24T21:57:51.039160Z  INFO herdr::logging: session saved event="persist.save" subsystem="persist" outcome="ok" path=/Users/zamp/.config/herdr/session.json workspaces=1
2026-07-24T22:01:40.805870Z  INFO herdr::logging: tab focused event="tab.focus" subsystem="tab" outcome="ok" workspace_id="w1" tab_id="w1:t1"
2026-07-24T22:01:45.817930Z  INFO herdr::logging: session saved event="persist.save" subsystem="persist" outcome="ok" path=/Users/zamp/.config/herdr/session.json workspaces=1
2026-07-24T22:01:54.710020Z  INFO herdr::logging: api request received event="api.request.start" subsystem="api" outcome="started" request_id="cli:pane:focus" method="pane.focus_direction" changes_ui=true
2026-07-24T22:01:54.710073Z  INFO herdr::logging: tab focused event="tab.focus" subsystem="tab" outcome="ok" workspace_id="w1" tab_id="w1:t1"
2026-07-24T22:01:54.710082Z  INFO herdr::logging: tab focused event="tab.focus" subsystem="tab" outcome="ok" workspace_id="w1" tab_id="w1:t1"
2026-07-24T22:01:54.710105Z  INFO herdr::logging: api request completed event="api.request.complete" subsystem="api" outcome="ok" request_id="cli:pane:focus" method="pane.focus_direction"
2026-07-24T22:01:59.529421Z  INFO herdr::app::actions: copied selection to clipboard
2026-07-24T22:01:59.720718Z  INFO herdr::logging: session saved event="persist.save" subsystem="persist" outcome="ok" path=/Users/zamp/.config/herdr/session.json workspaces=1
2026-07-24T22:02:00.407938Z  INFO herdr::logging: tab focused event="tab.focus" subsystem="tab" outcome="ok" workspace_id="w1" tab_id="w1:t1"
2026-07-24T22:02:05.417311Z  INFO herdr::logging: session saved event="persist.save" subsystem="persist" outcome="ok" path=/Users/zamp/.config/herdr/session.json workspaces=1
2026-07-24T22:04:30.290820Z  INFO herdr::logging: tab focused event="tab.focus" subsystem="tab" outcome="ok" workspace_id="w1" tab_id="w1:t1"
2026-07-24T22:04:35.301373Z  INFO herdr::logging: session saved event="persist.save" subsystem="persist" outcome="ok" path=/Users/zamp/.config/herdr/session.json workspaces=1
2026-07-24T22:05:06.520174Z  INFO herdr::logging: api request received event="api.request.start" subsystem="api" outcome="started" request_id="cli:pane:focus" method="pane.focus_direction" changes_ui=true
2026-07-24T22:05:06.520243Z  INFO herdr::logging: tab focused event="tab.focus" subsystem="tab" outcome="ok" workspace_id="w1" tab_id="w1:t1"
2026-07-24T22:05:06.520256Z  INFO herdr::logging: tab focused event="tab.focus" subsystem="tab" outcome="ok" workspace_id="w1" tab_id="w1:t1"
2026-07-24T22:05:06.520284Z  INFO herdr::logging: api request completed event="api.request.complete" subsystem="api" outcome="ok" request_id="cli:pane:focus" method="pane.focus_direction"
2026-07-24T22:05:11.530318Z  INFO herdr::logging: session saved event="persist.save" subsystem="persist" outcome="ok" path=/Users/zamp/.config/herdr/session.json workspaces=1
2026-07-24T22:05:19.850836Z  INFO herdr::logging: tab focused event="tab.focus" subsystem="tab" outcome="ok" workspace_id="w1" tab_id="w1:t3"
2026-07-24T22:05:24.858198Z  INFO herdr::logging: session saved event="persist.save" subsystem="persist" outcome="ok" path=/Users/zamp/.config/herdr/session.json workspaces=1
2026-07-24T22:05:32.018640Z  INFO herdr::logging: tab focused event="tab.focus" subsystem="tab" outcome="ok" workspace_id="w1" tab_id="w1:t1"
2026-07-24T22:05:37.029531Z  INFO herdr::logging: session saved event="persist.save" subsystem="persist" outcome="ok" path=/Users/zamp/.config/herdr/session.json workspaces=1
2026-07-24T22:05:48.426692Z  INFO herdr::logging: tab focused event="tab.focus" subsystem="tab" outcome="ok" workspace_id="w1" tab_id="w1:t3"
2026-07-24T22:05:53.436963Z  INFO herdr::logging: session saved event="persist.save" subsystem="persist" outcome="ok" path=/Users/zamp/.config/herdr/session.json workspaces=1
2026-07-24T22:06:01.164550Z  INFO herdr::app::actions: copied selection to clipboard
2026-07-24T22:06:02.103445Z  INFO herdr::logging: tab focused event="tab.focus" subsystem="tab" outcome="ok" workspace_id="w1" tab_id="w1:t1"
2026-07-24T22:06:03.184718Z  INFO herdr::logging: tab focused event="tab.focus" subsystem="tab" outcome="ok" workspace_id="w1" tab_id="w1:t1"
2026-07-24T22:06:08.197923Z  INFO herdr::logging: session saved event="persist.save" subsystem="persist" outcome="ok" path=/Users/zamp/.config/herdr/session.json workspaces=1
2026-07-24T22:07:10.241276Z  INFO herdr::logging: api request received event="api.request.start" subsystem="api" outcome="started" request_id="cli:pane:focus" method="pane.focus_direction" changes_ui=true
2026-07-24T22:07:10.241340Z  INFO herdr::logging: tab focused event="tab.focus" subsystem="tab" outcome="ok" workspace_id="w1" tab_id="w1:t1"
2026-07-24T22:07:10.241349Z  INFO herdr::logging: tab focused event="tab.focus" subsystem="tab" outcome="ok" workspace_id="w1" tab_id="w1:t1"
2026-07-24T22:07:10.241380Z  INFO herdr::logging: api request completed event="api.request.complete" subsystem="api" outcome="ok" request_id="cli:pane:focus" method="pane.focus_direction"
2026-07-24T22:07:15.244260Z  INFO herdr::logging: session saved event="persist.save" subsystem="persist" outcome="ok" path=/Users/zamp/.config/herdr/session.json workspaces=1
2026-07-24T22:07:33.896022Z  INFO herdr::logging: tab focused event="tab.focus" subsystem="tab" outcome="ok" workspace_id="w1" tab_id="w1:t3"
2026-07-24T22:07:36.790544Z  INFO herdr::logging: tab focused event="tab.focus" subsystem="tab" outcome="ok" workspace_id="w1" tab_id="w1:t1"
2026-07-24T22:07:41.800511Z  INFO herdr::logging: session saved event="persist.save" subsystem="persist" outcome="ok" path=/Users/zamp/.config/herdr/session.json workspaces=1
2026-07-24T22:09:20.154594Z  INFO herdr::logging: api request received event="api.request.start" subsystem="api" outcome="started" request_id="cli:pane:focus" method="pane.focus_direction" changes_ui=true
2026-07-24T22:09:20.154659Z  INFO herdr::logging: tab focused event="tab.focus" subsystem="tab" outcome="ok" workspace_id="w1" tab_id="w1:t1"
2026-07-24T22:09:20.154669Z  INFO herdr::logging: tab focused event="tab.focus" subsystem="tab" outcome="ok" workspace_id="w1" tab_id="w1:t1"
2026-07-24T22:09:20.154699Z  INFO herdr::logging: api request completed event="api.request.complete" subsystem="api" outcome="ok" request_id="cli:pane:focus" method="pane.focus_direction"
2026-07-24T22:09:25.163183Z  INFO herdr::logging: session saved event="persist.save" subsystem="persist" outcome="ok" path=/Users/zamp/.config/herdr/session.json workspaces=1
2026-07-25T03:20:52.664554Z  INFO herdr::logging: checking for updates event="update.check.start" subsystem="update" outcome="started"
2026-07-25T08:33:40.425668Z  INFO herdr::logging: api request received event="api.request.start" subsystem="api" outcome="started" request_id="cli:pane:focus" method="pane.focus_direction" changes_ui=true
2026-07-25T08:33:40.425733Z  INFO herdr::logging: tab focused event="tab.focus" subsystem="tab" outcome="ok" workspace_id="w1" tab_id="w1:t1"
2026-07-25T08:33:40.425746Z  INFO herdr::logging: tab focused event="tab.focus" subsystem="tab" outcome="ok" workspace_id="w1" tab_id="w1:t1"
2026-07-25T08:33:40.425779Z  INFO herdr::logging: api request completed event="api.request.complete" subsystem="api" outcome="ok" request_id="cli:pane:focus" method="pane.focus_direction"
2026-07-25T08:33:45.439002Z  INFO herdr::logging: session saved event="persist.save" subsystem="persist" outcome="ok" path=/Users/zamp/.config/herdr/session.json workspaces=1
2026-07-25T08:34:14.220647Z  INFO herdr::logging: api request received event="api.request.start" subsystem="api" outcome="started" request_id="cli:pane:focus" method="pane.focus_direction" changes_ui=true
2026-07-25T08:34:14.221769Z  INFO herdr::logging: tab focused event="tab.focus" subsystem="tab" outcome="ok" workspace_id="w1" tab_id="w1:t1"
2026-07-25T08:34:14.221794Z  INFO herdr::logging: tab focused event="tab.focus" subsystem="tab" outcome="ok" workspace_id="w1" tab_id="w1:t1"
2026-07-25T08:34:14.221831Z  INFO herdr::logging: api request completed event="api.request.complete" subsystem="api" outcome="ok" request_id="cli:pane:focus" method="pane.focus_direction"
2026-07-25T08:34:18.468246Z  INFO herdr::logging: api request received event="api.request.start" subsystem="api" outcome="started" request_id="cli:pane:focus" method="pane.focus_direction" changes_ui=true
2026-07-25T08:34:18.468321Z  INFO herdr::logging: tab focused event="tab.focus" subsystem="tab" outcome="ok" workspace_id="w1" tab_id="w1:t1"
2026-07-25T08:34:18.468338Z  INFO herdr::logging: tab focused event="tab.focus" subsystem="tab" outcome="ok" workspace_id="w1" tab_id="w1:t1"
2026-07-25T08:34:18.468368Z  INFO herdr::logging: api request completed event="api.request.complete" subsystem="api" outcome="ok" request_id="cli:pane:focus" method="pane.focus_direction"
2026-07-25T08:34:23.476684Z  INFO herdr::logging: session saved event="persist.save" subsystem="persist" outcome="ok" path=/Users/zamp/.config/herdr/session.json workspaces=1
2026-07-25T08:35:23.015877Z  INFO herdr::logging: tab focused event="tab.focus" subsystem="tab" outcome="ok" workspace_id="w1" tab_id="w1:t1"
2026-07-25T08:35:28.032512Z  INFO herdr::logging: session saved event="persist.save" subsystem="persist" outcome="ok" path=/Users/zamp/.config/herdr/session.json workspaces=1
2026-07-25T08:37:58.545558Z  INFO herdr::logging: tab focused event="tab.focus" subsystem="tab" outcome="ok" workspace_id="w1" tab_id="w1:t1"
2026-07-25T08:38:02.481869Z  INFO herdr::logging: api request received event="api.request.start" subsystem="api" outcome="started" request_id="cli:pane:focus" method="pane.focus_direction" changes_ui=true
2026-07-25T08:38:02.482722Z  INFO herdr::logging: tab focused event="tab.focus" subsystem="tab" outcome="ok" workspace_id="w1" tab_id="w1:t1"
2026-07-25T08:38:02.482738Z  INFO herdr::logging: tab focused event="tab.focus" subsystem="tab" outcome="ok" workspace_id="w1" tab_id="w1:t1"
2026-07-25T08:38:02.482770Z  INFO herdr::logging: api request completed event="api.request.complete" subsystem="api" outcome="ok" request_id="cli:pane:focus" method="pane.focus_direction"
2026-07-25T08:38:07.492669Z  INFO herdr::logging: session saved event="persist.save" subsystem="persist" outcome="ok" path=/Users/zamp/.config/herdr/session.json workspaces=1
2026-07-25T08:38:10.772436Z  INFO herdr::logging: tab focused event="tab.focus" subsystem="tab" outcome="ok" workspace_id="w1" tab_id="w1:t1"
2026-07-25T08:38:15.780131Z  INFO herdr::logging: session saved event="persist.save" subsystem="persist" outcome="ok" path=/Users/zamp/.config/herdr/session.json workspaces=1
2026-07-25T08:41:53.205279Z  INFO herdr::logging: tab focused event="tab.focus" subsystem="tab" outcome="ok" workspace_id="w1" tab_id="w1:t1"
2026-07-25T08:41:58.222280Z  INFO herdr::logging: session saved event="persist.save" subsystem="persist" outcome="ok" path=/Users/zamp/.config/herdr/session.json workspaces=1
2026-07-25T08:42:00.144382Z  INFO herdr::logging: api request received event="api.request.start" subsystem="api" outcome="started" request_id="cli:pane:focus" method="pane.focus_direction" changes_ui=true
2026-07-25T08:42:00.144449Z  INFO herdr::logging: tab focused event="tab.focus" subsystem="tab" outcome="ok" workspace_id="w1" tab_id="w1:t1"
2026-07-25T08:42:00.144458Z  INFO herdr::logging: tab focused event="tab.focus" subsystem="tab" outcome="ok" workspace_id="w1" tab_id="w1:t1"
2026-07-25T08:42:00.144487Z  INFO herdr::logging: api request completed event="api.request.complete" subsystem="api" outcome="ok" request_id="cli:pane:focus" method="pane.focus_direction"
2026-07-25T08:42:05.151595Z  INFO herdr::logging: session saved event="persist.save" subsystem="persist" outcome="ok" path=/Users/zamp/.config/herdr/session.json workspaces=1
2026-07-25T08:47:43.263886Z  INFO herdr::logging: spawning pane terminal event="pane.spawn.start" subsystem="pane" outcome="started" pane_id=12 rows=62 cols=106 scrollback_limit_bytes=10000000
2026-07-25T08:47:43.269625Z  INFO herdr::logging: pane child spawned event="pane.spawned" subsystem="pane" outcome="ok" pane_id=12 pid=28595
2026-07-25T08:47:43.269860Z  INFO herdr::logging: tab focused event="tab.focus" subsystem="tab" outcome="ok" workspace_id="w1" tab_id="w1:t1"
2026-07-25T08:47:48.277627Z  INFO herdr::logging: session saved event="persist.save" subsystem="persist" outcome="ok" path=/Users/zamp/.config/herdr/session.json workspaces=1
2026-07-25T08:47:50.558718Z  INFO herdr::logging: api request received event="api.request.start" subsystem="api" outcome="started" request_id="cli:pane:focus" method="pane.focus_direction" changes_ui=true
2026-07-25T08:47:50.558780Z  INFO herdr::logging: tab focused event="tab.focus" subsystem="tab" outcome="ok" workspace_id="w1" tab_id="w1:t1"
2026-07-25T08:47:50.558791Z  INFO herdr::logging: tab focused event="tab.focus" subsystem="tab" outcome="ok" workspace_id="w1" tab_id="w1:t1"
2026-07-25T08:47:50.558825Z  INFO herdr::logging: api request completed event="api.request.complete" subsystem="api" outcome="ok" request_id="cli:pane:focus" method="pane.focus_direction"
2026-07-25T08:47:55.564254Z  INFO herdr::logging: session saved event="persist.save" subsystem="persist" outcome="ok" path=/Users/zamp/.config/herdr/session.json workspaces=1
2026-07-25T08:48:08.070987Z  INFO herdr::logging: api request received event="api.request.start" subsystem="api" outcome="started" request_id="cli:pane:focus" method="pane.focus_direction" changes_ui=true
2026-07-25T08:48:08.071053Z  INFO herdr::logging: tab focused event="tab.focus" subsystem="tab" outcome="ok" workspace_id="w1" tab_id="w1:t1"
2026-07-25T08:48:08.071065Z  INFO herdr::logging: tab focused event="tab.focus" subsystem="tab" outcome="ok" workspace_id="w1" tab_id="w1:t1"
2026-07-25T08:48:08.071093Z  INFO herdr::logging: api request completed event="api.request.complete" subsystem="api" outcome="ok" request_id="cli:pane:focus" method="pane.focus_direction"
2026-07-25T08:48:09.887251Z  INFO herdr::logging: api request received event="api.request.start" subsystem="api" outcome="started" request_id="cli:pane:focus" method="pane.focus_direction" changes_ui=true
2026-07-25T08:48:09.887303Z  INFO herdr::logging: tab focused event="tab.focus" subsystem="tab" outcome="ok" workspace_id="w1" tab_id="w1:t1"
2026-07-25T08:48:09.887313Z  INFO herdr::logging: tab focused event="tab.focus" subsystem="tab" outcome="ok" workspace_id="w1" tab_id="w1:t1"
2026-07-25T08:48:09.887345Z  INFO herdr::logging: api request completed event="api.request.complete" subsystem="api" outcome="ok" request_id="cli:pane:focus" method="pane.focus_direction"
2026-07-25T08:48:14.891509Z  INFO herdr::logging: session saved event="persist.save" subsystem="persist" outcome="ok" path=/Users/zamp/.config/herdr/session.json workspaces=1
2026-07-25T08:48:23.083718Z  INFO herdr::logging: api request received event="api.request.start" subsystem="api" outcome="started" request_id="cli:pane:focus" method="pane.focus_direction" changes_ui=true
2026-07-25T08:48:23.083794Z  INFO herdr::logging: tab focused event="tab.focus" subsystem="tab" outcome="ok" workspace_id="w1" tab_id="w1:t1"
2026-07-25T08:48:23.083809Z  INFO herdr::logging: tab focused event="tab.focus" subsystem="tab" outcome="ok" workspace_id="w1" tab_id="w1:t1"
2026-07-25T08:48:23.083840Z  INFO herdr::logging: api request completed event="api.request.complete" subsystem="api" outcome="ok" request_id="cli:pane:focus" method="pane.focus_direction"
2026-07-25T08:48:28.089241Z  INFO herdr::logging: session saved event="persist.save" subsystem="persist" outcome="ok" path=/Users/zamp/.config/herdr/session.json workspaces=1
2026-07-25T08:48:39.175711Z  INFO herdr::logging: tab focused event="tab.focus" subsystem="tab" outcome="ok" workspace_id="w1" tab_id="w1:t1"
2026-07-25T08:48:44.186460Z  INFO herdr::logging: session saved event="persist.save" subsystem="persist" outcome="ok" path=/Users/zamp/.config/herdr/session.json workspaces=1
2026-07-25T08:48:47.336661Z  INFO herdr::logging: tab focused event="tab.focus" subsystem="tab" outcome="ok" workspace_id="w1" tab_id="w1:t1"
2026-07-25T08:48:52.346317Z  INFO herdr::logging: session saved event="persist.save" subsystem="persist" outcome="ok" path=/Users/zamp/.config/herdr/session.json workspaces=1
2026-07-25T08:48:59.110141Z  INFO herdr::logging: api request received event="api.request.start" subsystem="api" outcome="started" request_id="cli:pane:focus" method="pane.focus_direction" changes_ui=true
2026-07-25T08:48:59.110210Z  INFO herdr::logging: tab focused event="tab.focus" subsystem="tab" outcome="ok" workspace_id="w1" tab_id="w1:t1"
2026-07-25T08:48:59.110224Z  INFO herdr::logging: tab focused event="tab.focus" subsystem="tab" outcome="ok" workspace_id="w1" tab_id="w1:t1"
2026-07-25T08:48:59.110254Z  INFO herdr::logging: api request completed event="api.request.complete" subsystem="api" outcome="ok" request_id="cli:pane:focus" method="pane.focus_direction"
2026-07-25T08:49:04.117759Z  INFO herdr::logging: session saved event="persist.save" subsystem="persist" outcome="ok" path=/Users/zamp/.config/herdr/session.json workspaces=1
2026-07-25T08:49:19.315625Z  INFO herdr::logging: api request received event="api.request.start" subsystem="api" outcome="started" request_id="cli:pane:focus" method="pane.focus_direction" changes_ui=true
2026-07-25T08:49:19.315717Z  INFO herdr::logging: tab focused event="tab.focus" subsystem="tab" outcome="ok" workspace_id="w1" tab_id="w1:t1"
2026-07-25T08:49:19.315735Z  INFO herdr::logging: tab focused event="tab.focus" subsystem="tab" outcome="ok" workspace_id="w1" tab_id="w1:t1"
2026-07-25T08:49:19.315771Z  INFO herdr::logging: api request completed event="api.request.complete" subsystem="api" outcome="ok" request_id="cli:pane:focus" method="pane.focus_direction"
2026-07-25T08:49:24.322972Z  INFO herdr::logging: session saved event="persist.save" subsystem="persist" outcome="ok" path=/Users/zamp/.config/herdr/session.json workspaces=1
2026-07-25T08:56:00.518594Z  INFO herdr::logging: api request received event="api.request.start" subsystem="api" outcome="started" request_id="cli:pane:focus" method="pane.focus_direction" changes_ui=true
2026-07-25T08:56:00.518693Z  INFO herdr::logging: tab focused event="tab.focus" subsystem="tab" outcome="ok" workspace_id="w1" tab_id="w1:t1"
2026-07-25T08:56:00.518713Z  INFO herdr::logging: tab focused event="tab.focus" subsystem="tab" outcome="ok" workspace_id="w1" tab_id="w1:t1"
2026-07-25T08:56:00.518746Z  INFO herdr::logging: api request completed event="api.request.complete" subsystem="api" outcome="ok" request_id="cli:pane:focus" method="pane.focus_direction"
2026-07-25T08:56:05.523856Z  INFO herdr::logging: session saved event="persist.save" subsystem="persist" outcome="ok" path=/Users/zamp/.config/herdr/session.json workspaces=1
2026-07-25T08:56:13.147947Z  INFO herdr::logging: checking for updates event="update.check.start" subsystem="update" outcome="started"
2026-07-25T08:57:22.557892Z  INFO herdr::logging: api request received event="api.request.start" subsystem="api" outcome="started" request_id="cli:pane:focus" method="pane.focus_direction" changes_ui=true
2026-07-25T08:57:22.557968Z  INFO herdr::logging: tab focused event="tab.focus" subsystem="tab" outcome="ok" workspace_id="w1" tab_id="w1:t1"
2026-07-25T08:57:22.557982Z  INFO herdr::logging: tab focused event="tab.focus" subsystem="tab" outcome="ok" workspace_id="w1" tab_id="w1:t1"
2026-07-25T08:57:22.558016Z  INFO herdr::logging: api request completed event="api.request.complete" subsystem="api" outcome="ok" request_id="cli:pane:focus" method="pane.focus_direction"
2026-07-25T08:57:23.381280Z  INFO herdr::logging: api request received event="api.request.start" subsystem="api" outcome="started" request_id="cli:pane:focus" method="pane.focus_direction" changes_ui=true
2026-07-25T08:57:23.381337Z  INFO herdr::logging: tab focused event="tab.focus" subsystem="tab" outcome="ok" workspace_id="w1" tab_id="w1:t1"
2026-07-25T08:57:23.381347Z  INFO herdr::logging: tab focused event="tab.focus" subsystem="tab" outcome="ok" workspace_id="w1" tab_id="w1:t1"
2026-07-25T08:57:23.381377Z  INFO herdr::logging: api request completed event="api.request.complete" subsystem="api" outcome="ok" request_id="cli:pane:focus" method="pane.focus_direction"
2026-07-25T08:57:28.384413Z  INFO herdr::logging: session saved event="persist.save" subsystem="persist" outcome="ok" path=/Users/zamp/.config/herdr/session.json workspaces=1
2026-07-25T09:01:14.040058Z  INFO herdr::logging: spawning pane terminal event="pane.spawn.start" subsystem="pane" outcome="started" pane_id=13 rows=31 cols=106 scrollback_limit_bytes=10000000
2026-07-25T09:01:14.049736Z  INFO herdr::logging: pane child spawned event="pane.spawned" subsystem="pane" outcome="ok" pane_id=13 pid=29177
2026-07-25T09:01:14.050307Z  INFO herdr::logging: tab renamed event="tab.rename" subsystem="tab" outcome="ok" workspace_id="w1" tab_id="w1:t4"
2026-07-25T09:01:14.050404Z  INFO herdr::logging: tab focused event="tab.focus" subsystem="tab" outcome="ok" workspace_id="w1" tab_id="w1:t4"
2026-07-25T09:01:17.569986Z  INFO herdr::logging: tab focused event="tab.focus" subsystem="tab" outcome="ok" workspace_id="w1" tab_id="w1:t1"
2026-07-25T09:01:21.332959Z  INFO herdr::logging: pane child exited event="pane.exit" subsystem="pane" outcome="completed" pane_id=12 status="ExitStatus { code: 1, signal: None }"
2026-07-25T09:01:21.352047Z  INFO herdr::pane: pane session terminated pane=12 pid=28595 signal=Hangup
2026-07-25T09:01:21.353403Z  WARN herdr::app::actions: PaneDied for unknown pane pane=12
2026-07-25T09:01:22.456339Z  INFO herdr::logging: tab focused event="tab.focus" subsystem="tab" outcome="ok" workspace_id="w1" tab_id="w1:t4"
2026-07-25T09:01:27.464643Z  INFO herdr::logging: session saved event="persist.save" subsystem="persist" outcome="ok" path=/Users/zamp/.config/herdr/session.json workspaces=1
2026-07-25T09:04:38.947773Z  INFO herdr::logging: tab focused event="tab.focus" subsystem="tab" outcome="ok" workspace_id="w1" tab_id="w1:t1"
2026-07-25T09:04:43.958494Z  INFO herdr::logging: session saved event="persist.save" subsystem="persist" outcome="ok" path=/Users/zamp/.config/herdr/session.json workspaces=1
2026-07-25T09:04:44.920527Z  INFO herdr::logging: tab focused event="tab.focus" subsystem="tab" outcome="ok" workspace_id="w1" tab_id="w1:t3"
2026-07-25T09:04:46.791110Z  INFO herdr::logging: tab focused event="tab.focus" subsystem="tab" outcome="ok" workspace_id="w1" tab_id="w1:t4"
2026-07-25T09:04:49.847732Z  INFO herdr::logging: tab focused event="tab.focus" subsystem="tab" outcome="ok" workspace_id="w1" tab_id="w1:t1"
2026-07-25T09:04:51.464113Z  INFO herdr::logging: tab focused event="tab.focus" subsystem="tab" outcome="ok" workspace_id="w1" tab_id="w1:t4"
2026-07-25T09:04:56.474945Z  INFO herdr::logging: session saved event="persist.save" subsystem="persist" outcome="ok" path=/Users/zamp/.config/herdr/session.json workspaces=1
2026-07-25T09:05:05.746218Z  INFO herdr::logging: tab focused event="tab.focus" subsystem="tab" outcome="ok" workspace_id="w1" tab_id="w1:t1"
2026-07-25T09:05:07.638231Z  INFO herdr::logging: tab focused event="tab.focus" subsystem="tab" outcome="ok" workspace_id="w1" tab_id="w1:t4"
2026-07-25T09:05:12.645021Z  INFO herdr::logging: session saved event="persist.save" subsystem="persist" outcome="ok" path=/Users/zamp/.config/herdr/session.json workspaces=1
2026-07-25T09:06:29.197143Z  INFO herdr::logging: spawning pane terminal event="pane.spawn.start" subsystem="pane" outcome="started" pane_id=14 rows=62 cols=212 scrollback_limit_bytes=10000000
2026-07-25T09:06:29.204615Z  INFO herdr::logging: pane child spawned event="pane.spawned" subsystem="pane" outcome="ok" pane_id=14 pid=29271
2026-07-25T09:06:29.205045Z  INFO herdr::logging: tab focused event="tab.focus" subsystem="tab" outcome="ok" workspace_id="w1" tab_id="w1:t4"
2026-07-25T09:06:34.210446Z  INFO herdr::logging: session saved event="persist.save" subsystem="persist" outcome="ok" path=/Users/zamp/.config/herdr/session.json workspaces=1
2026-07-25T09:06:37.525010Z  INFO herdr::logging: api request received event="api.request.start" subsystem="api" outcome="started" request_id="cli:pane:focus" method="pane.focus_direction" changes_ui=true
2026-07-25T09:06:37.525078Z  INFO herdr::logging: tab focused event="tab.focus" subsystem="tab" outcome="ok" workspace_id="w1" tab_id="w1:t4"
2026-07-25T09:06:37.525096Z  INFO herdr::logging: tab focused event="tab.focus" subsystem="tab" outcome="ok" workspace_id="w1" tab_id="w1:t4"
2026-07-25T09:06:37.525125Z  INFO herdr::logging: api request completed event="api.request.complete" subsystem="api" outcome="ok" request_id="cli:pane:focus" method="pane.focus_direction"
2026-07-25T09:06:42.533462Z  INFO herdr::logging: session saved event="persist.save" subsystem="persist" outcome="ok" path=/Users/zamp/.config/herdr/session.json workspaces=1
2026-07-25T09:06:55.876025Z  INFO herdr::logging: api request received event="api.request.start" subsystem="api" outcome="started" request_id="cli:pane:focus" method="pane.focus_direction" changes_ui=true
2026-07-25T09:06:55.876117Z  INFO herdr::logging: tab focused event="tab.focus" subsystem="tab" outcome="ok" workspace_id="w1" tab_id="w1:t4"
2026-07-25T09:06:55.876133Z  INFO herdr::logging: tab focused event="tab.focus" subsystem="tab" outcome="ok" workspace_id="w1" tab_id="w1:t4"
2026-07-25T09:06:55.876168Z  INFO herdr::logging: api request completed event="api.request.complete" subsystem="api" outcome="ok" request_id="cli:pane:focus" method="pane.focus_direction"
2026-07-25T09:07:00.881839Z  INFO herdr::logging: session saved event="persist.save" subsystem="persist" outcome="ok" path=/Users/zamp/.config/herdr/session.json workspaces=1
2026-07-25T09:07:22.906891Z  INFO herdr::logging: api request received event="api.request.start" subsystem="api" outcome="started" request_id="cli:pane:focus" method="pane.focus_direction" changes_ui=true
2026-07-25T09:07:22.906967Z  INFO herdr::logging: tab focused event="tab.focus" subsystem="tab" outcome="ok" workspace_id="w1" tab_id="w1:t4"
2026-07-25T09:07:22.906983Z  INFO herdr::logging: tab focused event="tab.focus" subsystem="tab" outcome="ok" workspace_id="w1" tab_id="w1:t4"
2026-07-25T09:07:22.907020Z  INFO herdr::logging: api request completed event="api.request.complete" subsystem="api" outcome="ok" request_id="cli:pane:focus" method="pane.focus_direction"
2026-07-25T09:07:27.910421Z  INFO herdr::logging: session saved event="persist.save" subsystem="persist" outcome="ok" path=/Users/zamp/.config/herdr/session.json workspaces=1
2026-07-25T09:07:56.330518Z  INFO herdr::logging: api request received event="api.request.start" subsystem="api" outcome="started" request_id="cli:pane:focus" method="pane.focus_direction" changes_ui=true
2026-07-25T09:07:56.330585Z  INFO herdr::logging: tab focused event="tab.focus" subsystem="tab" outcome="ok" workspace_id="w1" tab_id="w1:t4"
2026-07-25T09:07:56.330596Z  INFO herdr::logging: tab focused event="tab.focus" subsystem="tab" outcome="ok" workspace_id="w1" tab_id="w1:t4"
2026-07-25T09:07:56.330627Z  INFO herdr::logging: api request completed event="api.request.complete" subsystem="api" outcome="ok" request_id="cli:pane:focus" method="pane.focus_direction"
2026-07-25T09:08:01.340699Z  INFO herdr::logging: session saved event="persist.save" subsystem="persist" outcome="ok" path=/Users/zamp/.config/herdr/session.json workspaces=1
2026-07-25T09:08:02.853921Z  INFO herdr::logging: api request received event="api.request.start" subsystem="api" outcome="started" request_id="cli:pane:focus" method="pane.focus_direction" changes_ui=true
2026-07-25T09:08:02.853990Z  INFO herdr::logging: tab focused event="tab.focus" subsystem="tab" outcome="ok" workspace_id="w1" tab_id="w1:t4"
2026-07-25T09:08:02.854001Z  INFO herdr::logging: tab focused event="tab.focus" subsystem="tab" outcome="ok" workspace_id="w1" tab_id="w1:t4"
2026-07-25T09:08:02.854030Z  INFO herdr::logging: api request completed event="api.request.complete" subsystem="api" outcome="ok" request_id="cli:pane:focus" method="pane.focus_direction"
2026-07-25T09:08:07.862980Z  INFO herdr::logging: session saved event="persist.save" subsystem="persist" outcome="ok" path=/Users/zamp/.config/herdr/session.json workspaces=1
2026-07-25T09:15:47.482698Z  INFO herdr::logging: tab focused event="tab.focus" subsystem="tab" outcome="ok" workspace_id="w1" tab_id="w1:t3"
2026-07-25T09:15:52.490243Z  INFO herdr::logging: session saved event="persist.save" subsystem="persist" outcome="ok" path=/Users/zamp/.config/herdr/session.json workspaces=1
2026-07-25T09:17:15.436479Z  INFO herdr::logging: tab focused event="tab.focus" subsystem="tab" outcome="ok" workspace_id="w1" tab_id="w1:t1"
2026-07-25T09:17:19.487520Z  INFO herdr::logging: api request received event="api.request.start" subsystem="api" outcome="started" request_id="cli:pane:focus" method="pane.focus_direction" changes_ui=true
2026-07-25T09:17:19.487587Z  INFO herdr::logging: tab focused event="tab.focus" subsystem="tab" outcome="ok" workspace_id="w1" tab_id="w1:t1"
2026-07-25T09:17:19.487596Z  INFO herdr::logging: tab focused event="tab.focus" subsystem="tab" outcome="ok" workspace_id="w1" tab_id="w1:t1"
2026-07-25T09:17:19.487626Z  INFO herdr::logging: api request completed event="api.request.complete" subsystem="api" outcome="ok" request_id="cli:pane:focus" method="pane.focus_direction"
2026-07-25T09:17:24.495824Z  INFO herdr::logging: session saved event="persist.save" subsystem="persist" outcome="ok" path=/Users/zamp/.config/herdr/session.json workspaces=1
2026-07-25T09:19:07.888874Z  INFO herdr::logging: tab focused event="tab.focus" subsystem="tab" outcome="ok" workspace_id="w1" tab_id="w1:t1"
2026-07-25T09:19:09.664094Z  INFO herdr::logging: tab focused event="tab.focus" subsystem="tab" outcome="ok" workspace_id="w1" tab_id="w1:t1"
2026-07-25T09:19:13.805505Z  INFO herdr::logging: tab focused event="tab.focus" subsystem="tab" outcome="ok" workspace_id="w1" tab_id="w1:t1"
2026-07-25T09:19:15.805554Z  INFO herdr::logging: tab focused event="tab.focus" subsystem="tab" outcome="ok" workspace_id="w1" tab_id="w1:t1"
2026-07-25T09:19:20.814809Z  INFO herdr::logging: session saved event="persist.save" subsystem="persist" outcome="ok" path=/Users/zamp/.config/herdr/session.json workspaces=1
2026-07-25T09:19:37.170473Z  INFO herdr::logging: api request received event="api.request.start" subsystem="api" outcome="started" request_id="cli:pane:focus" method="pane.focus_direction" changes_ui=true
2026-07-25T09:19:37.170556Z  INFO herdr::logging: tab focused event="tab.focus" subsystem="tab" outcome="ok" workspace_id="w1" tab_id="w1:t1"
2026-07-25T09:19:37.170571Z  INFO herdr::logging: tab focused event="tab.focus" subsystem="tab" outcome="ok" workspace_id="w1" tab_id="w1:t1"
2026-07-25T09:19:37.170603Z  INFO herdr::logging: api request completed event="api.request.complete" subsystem="api" outcome="ok" request_id="cli:pane:focus" method="pane.focus_direction"
2026-07-25T09:19:42.177066Z  INFO herdr::logging: session saved event="persist.save" subsystem="persist" outcome="ok" path=/Users/zamp/.config/herdr/session.json workspaces=1
2026-07-25T09:22:31.663169Z  INFO herdr::logging: tab focused event="tab.focus" subsystem="tab" outcome="ok" workspace_id="w1" tab_id="w1:t3"
2026-07-25T09:22:36.672066Z  INFO herdr::logging: session saved event="persist.save" subsystem="persist" outcome="ok" path=/Users/zamp/.config/herdr/session.json workspaces=1
2026-07-25T09:23:33.068860Z  INFO herdr::logging: tab focused event="tab.focus" subsystem="tab" outcome="ok" workspace_id="w1" tab_id="w1:t1"
2026-07-25T09:23:38.081380Z  INFO herdr::logging: session saved event="persist.save" subsystem="persist" outcome="ok" path=/Users/zamp/.config/herdr/session.json workspaces=1
2026-07-25T09:26:13.183920Z  INFO herdr::logging: checking for updates event="update.check.start" subsystem="update" outcome="started"
2026-07-25T09:27:18.062214Z  INFO herdr::logging: tab focused event="tab.focus" subsystem="tab" outcome="ok" workspace_id="w1" tab_id="w1:t1"
2026-07-25T09:27:23.072259Z  INFO herdr::logging: session saved event="persist.save" subsystem="persist" outcome="ok" path=/Users/zamp/.config/herdr/session.json workspaces=1
2026-07-25T09:28:02.470711Z  INFO herdr::logging: tab focused event="tab.focus" subsystem="tab" outcome="ok" workspace_id="w1" tab_id="w1:t4"
2026-07-25T09:28:07.480177Z  INFO herdr::logging: session saved event="persist.save" subsystem="persist" outcome="ok" path=/Users/zamp/.config/herdr/session.json workspaces=1
2026-07-25T09:30:03.106417Z  INFO herdr::logging: api request received event="api.request.start" subsystem="api" outcome="started" request_id="cli:pane:focus" method="pane.focus_direction" changes_ui=true
2026-07-25T09:30:03.106487Z  INFO herdr::logging: tab focused event="tab.focus" subsystem="tab" outcome="ok" workspace_id="w1" tab_id="w1:t4"
2026-07-25T09:30:03.106502Z  INFO herdr::logging: tab focused event="tab.focus" subsystem="tab" outcome="ok" workspace_id="w1" tab_id="w1:t4"
2026-07-25T09:30:03.106528Z  INFO herdr::logging: api request completed event="api.request.complete" subsystem="api" outcome="ok" request_id="cli:pane:focus" method="pane.focus_direction"
2026-07-25T09:30:05.528427Z  INFO herdr::pane: agent changed pane=14 previous_agent=None agent=Some(Codex) process=codex pgid=Some(30779)
2026-07-25T09:30:08.110643Z  INFO herdr::logging: session saved event="persist.save" subsystem="persist" outcome="ok" path=/Users/zamp/.config/herdr/session.json workspaces=1
2026-07-25T09:30:11.304221Z  INFO herdr::pane: agent changed pane=14 previous_agent=Some(Codex) agent=None pgid=Some(29271)
2026-07-25T09:30:15.845291Z  INFO herdr::pane: agent changed pane=14 previous_agent=None agent=Some(Codex) process=codex pgid=Some(30989)
2026-07-25T09:31:36.914954Z  INFO herdr::logging: tab focused event="tab.focus" subsystem="tab" outcome="ok" workspace_id="w1" tab_id="w1:t4"
2026-07-25T09:31:41.919085Z  INFO herdr::logging: session saved event="persist.save" subsystem="persist" outcome="ok" path=/Users/zamp/.config/herdr/session.json workspaces=1
2026-07-25T09:32:23.005800Z  INFO herdr::logging: api request received event="api.request.start" subsystem="api" outcome="started" request_id="cli:pane:focus" method="pane.focus_direction" changes_ui=true
2026-07-25T09:32:23.005867Z  INFO herdr::logging: tab focused event="tab.focus" subsystem="tab" outcome="ok" workspace_id="w1" tab_id="w1:t4"
2026-07-25T09:32:23.005876Z  INFO herdr::logging: tab focused event="tab.focus" subsystem="tab" outcome="ok" workspace_id="w1" tab_id="w1:t4"
2026-07-25T09:32:23.005908Z  INFO herdr::logging: api request completed event="api.request.complete" subsystem="api" outcome="ok" request_id="cli:pane:focus" method="pane.focus_direction"
2026-07-25T09:32:24.769763Z  INFO herdr::pane: agent changed pane=14 previous_agent=Some(Codex) agent=None pgid=Some(29271)
2026-07-25T09:32:25.294189Z  INFO herdr::logging: pane child exited event="pane.exit" subsystem="pane" outcome="completed" pane_id=14 status="ExitStatus { code: 1, signal: None }"
2026-07-25T09:32:25.314788Z  INFO herdr::pane: pane session terminated pane=14 pid=29271 signal=Hangup
2026-07-25T09:32:25.316478Z  WARN herdr::app::actions: PaneDied for unknown pane pane=14
2026-07-25T09:32:26.951276Z  INFO herdr::logging: tab focused event="tab.focus" subsystem="tab" outcome="ok" workspace_id="w1" tab_id="w1:t1"
2026-07-25T09:32:31.961966Z  INFO herdr::logging: session saved event="persist.save" subsystem="persist" outcome="ok" path=/Users/zamp/.config/herdr/session.json workspaces=1
2026-07-25T10:13:30.232263Z  INFO herdr::logging: checking for updates event="update.check.start" subsystem="update" outcome="started"
2026-07-25T11:16:23.997646Z  INFO herdr::logging: checking for updates event="update.check.start" subsystem="update" outcome="started"
2026-07-25T11:46:24.000054Z  INFO herdr::logging: checking for updates event="update.check.start" subsystem="update" outcome="started"
2026-07-25T12:16:24.002870Z  INFO herdr::logging: checking for updates event="update.check.start" subsystem="update" outcome="started"
2026-07-25T21:27:21.050030Z  INFO herdr::logging: checking for updates event="update.check.start" subsystem="update" outcome="started"
2026-07-26T05:41:02.085859Z  INFO herdr::logging: checking for updates event="update.check.start" subsystem="update" outcome="started"
2026-07-26T21:23:23.272165Z  INFO herdr::logging: checking for updates event="update.check.start" subsystem="update" outcome="started"
2026-07-27T08:17:12.366384Z  INFO herdr::logging: api request received event="api.request.start" subsystem="api" outcome="started" request_id="cli:pane:focus" method="pane.focus_direction" changes_ui=true
2026-07-27T08:17:12.366679Z  INFO herdr::logging: tab focused event="tab.focus" subsystem="tab" outcome="ok" workspace_id="w1" tab_id="w1:t1"
2026-07-27T08:17:12.366693Z  INFO herdr::logging: tab focused event="tab.focus" subsystem="tab" outcome="ok" workspace_id="w1" tab_id="w1:t1"
2026-07-27T08:17:12.366729Z  INFO herdr::logging: api request completed event="api.request.complete" subsystem="api" outcome="ok" request_id="cli:pane:focus" method="pane.focus_direction"
2026-07-27T08:17:13.176887Z  INFO herdr::logging: pane child exited event="pane.exit" subsystem="pane" outcome="completed" pane_id=10 status="ExitStatus { code: 1, signal: None }"
2026-07-27T08:17:13.195909Z  INFO herdr::pane: pane session terminated pane=10 pid=18695 signal=Hangup
2026-07-27T08:17:13.196693Z  WARN herdr::app::actions: PaneDied for unknown pane pane=10
2026-07-27T08:17:14.600139Z  INFO herdr::logging: pane child exited event="pane.exit" subsystem="pane" outcome="completed" pane_id=1 status="ExitStatus { code: 1, signal: None }"
2026-07-27T08:17:14.620176Z  INFO herdr::pane: pane session terminated pane=1 pid=8794 signal=Hangup
2026-07-27T08:17:14.621568Z  WARN herdr::app::actions: PaneDied for unknown pane pane=1
2026-07-27T08:17:15.556356Z  INFO herdr::logging: pane child exited event="pane.exit" subsystem="pane" outcome="completed" pane_id=9 status="ExitStatus { code: 1, signal: None }"
2026-07-27T08:17:15.577929Z  INFO herdr::pane: pane session terminated pane=9 pid=18572 signal=Hangup
2026-07-27T08:17:15.579241Z  WARN herdr::app::actions: PaneDied for unknown pane pane=9
2026-07-27T08:17:16.216807Z  INFO herdr::logging: pane child exited event="pane.exit" subsystem="pane" outcome="completed" pane_id=11 status="ExitStatus { code: 1, signal: None }"
2026-07-27T08:17:16.238969Z  INFO herdr::pane: pane session terminated pane=11 pid=20255 signal=Hangup
2026-07-27T08:17:16.240401Z  WARN herdr::app::actions: PaneDied for unknown pane pane=11
2026-07-27T08:17:16.875575Z  INFO herdr::logging: workspace closed event="workspace.close" subsystem="workspace" outcome="ok" workspace_id="w1"
2026-07-27T08:17:16.879383Z  INFO herdr::logging: pane child exited event="pane.exit" subsystem="pane" outcome="completed" pane_id=13 status="ExitStatus { code: 1, signal: None }"
2026-07-27T08:17:16.898617Z  INFO herdr::pane: pane session terminated pane=13 pid=29177 signal=Hangup
2026-07-27T08:17:16.900560Z  WARN herdr::app::actions: PaneDied for unknown pane pane=13
2026-07-27T08:17:16.900799Z  INFO herdr::logging: spawning pane terminal event="pane.spawn.start" subsystem="pane" outcome="started" pane_id=15 rows=63 cols=212 scrollback_limit_bytes=10000000
2026-07-27T08:17:16.910328Z  INFO herdr::logging: pane child spawned event="pane.spawned" subsystem="pane" outcome="ok" pane_id=15 pid=37908
2026-07-27T08:17:16.910899Z  INFO herdr::logging: workspace created event="workspace.create" subsystem="workspace" outcome="ok" workspace_id="w3" pane_id=15
2026-07-27T08:17:16.910964Z  INFO herdr::logging: workspace focused event="workspace.focus" subsystem="workspace" outcome="ok" workspace_id="w3"
2026-07-27T08:17:16.910994Z  INFO herdr::logging: tab focused event="tab.focus" subsystem="tab" outcome="ok" workspace_id="w3" tab_id="w3:t1"
2026-07-27T08:17:19.902825Z  INFO herdr::logging: pane child exited event="pane.exit" subsystem="pane" outcome="completed" pane_id=15 status="ExitStatus { code: 0, signal: None }"
2026-07-27T08:17:19.903131Z  INFO herdr::pane: pane session terminated pane=15 pid=37908 signal=Hangup
2026-07-27T08:17:19.903230Z  INFO herdr::logging: spawning pane terminal event="pane.spawn.start" subsystem="pane" outcome="started" pane_id=16 rows=63 cols=212 scrollback_limit_bytes=10000000
2026-07-27T08:17:19.906898Z  INFO herdr::logging: pane child spawned event="pane.spawned" subsystem="pane" outcome="ok" pane_id=16 pid=37972
2026-07-27T08:17:19.907051Z  INFO herdr::logging: workspace created event="workspace.create" subsystem="workspace" outcome="ok" workspace_id="w4" pane_id=16
2026-07-27T08:17:19.907058Z  INFO herdr::logging: workspace focused event="workspace.focus" subsystem="workspace" outcome="ok" workspace_id="w4"
2026-07-27T08:17:19.907064Z  INFO herdr::logging: tab focused event="tab.focus" subsystem="tab" outcome="ok" workspace_id="w4" tab_id="w4:t1"
2026-07-27T08:17:21.725815Z  INFO herdr::logging: pane child exited event="pane.exit" subsystem="pane" outcome="completed" pane_id=16 status="ExitStatus { code: 0, signal: None }"
2026-07-27T08:17:21.726361Z  INFO herdr::pane: pane session terminated pane=16 pid=37972 signal=Hangup
2026-07-27T08:17:21.726515Z  INFO herdr::logging: spawning pane terminal event="pane.spawn.start" subsystem="pane" outcome="started" pane_id=17 rows=63 cols=212 scrollback_limit_bytes=10000000
2026-07-27T08:17:21.732198Z  INFO herdr::logging: pane child spawned event="pane.spawned" subsystem="pane" outcome="ok" pane_id=17 pid=38019
2026-07-27T08:17:21.732424Z  INFO herdr::logging: workspace created event="workspace.create" subsystem="workspace" outcome="ok" workspace_id="w5" pane_id=17
2026-07-27T08:17:21.732435Z  INFO herdr::logging: workspace focused event="workspace.focus" subsystem="workspace" outcome="ok" workspace_id="w5"
2026-07-27T08:17:21.732443Z  INFO herdr::logging: tab focused event="tab.focus" subsystem="tab" outcome="ok" workspace_id="w5" tab_id="w5:t1"
2026-07-27T08:17:26.742162Z  INFO herdr::logging: session saved event="persist.save" subsystem="persist" outcome="ok" path=/Users/zamp/.config/herdr/session.json workspaces=1
2026-07-27T08:17:29.704424Z  INFO herdr::server::headless: client detach requested via keybind client_id=2
2026-07-27T08:17:29.709419Z  INFO herdr::server::headless: client disconnected client_id=2
2026-07-27T08:22:06.703297Z  INFO herdr::logging: checking for updates event="update.check.start" subsystem="update" outcome="started"
2026-07-27T09:32:36.426244Z  INFO herdr::logging: checking for updates event="update.check.start" subsystem="update" outcome="started"
2026-07-27T10:56:16.883118Z  INFO herdr::logging: checking for updates event="update.check.start" subsystem="update" outcome="started"
2026-07-27T11:26:16.857274Z  INFO herdr::logging: checking for updates event="update.check.start" subsystem="update" outcome="started"
2026-07-27T11:56:16.872766Z  INFO herdr::logging: checking for updates event="update.check.start" subsystem="update" outcome="started"
2026-07-27T12:26:16.877180Z  INFO herdr::logging: checking for updates event="update.check.start" subsystem="update" outcome="started"
2026-07-27T22:00:33.686857Z  INFO herdr::logging: checking for updates event="update.check.start" subsystem="update" outcome="started"
2026-07-28T07:19:40.075642Z  INFO herdr::logging: checking for updates event="update.check.start" subsystem="update" outcome="started"
2026-07-28T07:49:40.084916Z  INFO herdr::logging: checking for updates event="update.check.start" subsystem="update" outcome="started"
2026-07-28T08:19:40.096188Z  INFO herdr::logging: checking for updates event="update.check.start" subsystem="update" outcome="started"
2026-07-28T08:49:40.089294Z  INFO herdr::logging: checking for updates event="update.check.start" subsystem="update" outcome="started"
2026-07-28T09:19:40.067308Z  INFO herdr::logging: checking for updates event="update.check.start" subsystem="update" outcome="started"
2026-07-28T09:49:40.090768Z  INFO herdr::logging: checking for updates event="update.check.start" subsystem="update" outcome="started"
2026-07-28T10:54:13.991411Z  INFO herdr::logging: checking for updates event="update.check.start" subsystem="update" outcome="started"
2026-07-28T11:32:26.492804Z  INFO herdr::logging: checking for updates event="update.check.start" subsystem="update" outcome="started"
2026-07-28T12:02:26.482344Z  INFO herdr::logging: checking for updates event="update.check.start" subsystem="update" outcome="started"
2026-07-28T12:32:26.474783Z  INFO herdr::logging: checking for updates event="update.check.start" subsystem="update" outcome="started"
2026-07-28T13:02:26.488631Z  INFO herdr::logging: checking for updates event="update.check.start" subsystem="update" outcome="started"
2026-07-28T13:32:26.464326Z  INFO herdr::logging: checking for updates event="update.check.start" subsystem="update" outcome="started"
2026-07-28T14:02:26.496166Z  INFO herdr::logging: checking for updates event="update.check.start" subsystem="update" outcome="started"
2026-07-28T15:54:34.086319Z  INFO herdr::logging: checking for updates event="update.check.start" subsystem="update" outcome="started"
2026-07-28T18:11:57.017781Z  INFO herdr::logging: checking for updates event="update.check.start" subsystem="update" outcome="started"
2026-07-28T18:44:07.003930Z  INFO herdr::logging: checking for updates event="update.check.start" subsystem="update" outcome="started"
2026-07-28T19:14:06.972607Z  INFO herdr::logging: checking for updates event="update.check.start" subsystem="update" outcome="started"
2026-07-28T19:44:06.959635Z  INFO herdr::logging: checking for updates event="update.check.start" subsystem="update" outcome="started"
2026-07-28T20:14:06.999784Z  INFO herdr::logging: checking for updates event="update.check.start" subsystem="update" outcome="started"
2026-07-28T20:44:07.011166Z  INFO herdr::logging: checking for updates event="update.check.start" subsystem="update" outcome="started"
2026-07-28T21:34:00.934106Z  INFO herdr::logging: checking for updates event="update.check.start" subsystem="update" outcome="started"
